-- phpMyAdmin SQL Dump
-- version 4.2.7.1
-- http://www.phpmyadmin.net
--
-- Host: localhost
-- Generation Time: Jan 11, 2016 at 01:36 PM
-- Server version: 5.6.20
-- PHP Version: 5.5.15

SET SQL_MODE = "NO_AUTO_VALUE_ON_ZERO";
SET time_zone = "+00:00";


/*!40101 SET @OLD_CHARACTER_SET_CLIENT=@@CHARACTER_SET_CLIENT */;
/*!40101 SET @OLD_CHARACTER_SET_RESULTS=@@CHARACTER_SET_RESULTS */;
/*!40101 SET @OLD_COLLATION_CONNECTION=@@COLLATION_CONNECTION */;
/*!40101 SET NAMES utf8 */;

--
-- Database: `lms`
--

-- --------------------------------------------------------

--
-- Table structure for table `ci_sessions`
--

CREATE TABLE IF NOT EXISTS `ci_sessions` (
  `id` varchar(40) NOT NULL,
  `ip_address` varchar(45) NOT NULL,
  `timestamp` int(10) unsigned NOT NULL DEFAULT '0',
  `data` blob NOT NULL
) ENGINE=InnoDB DEFAULT CHARSET=latin1;

--
-- Dumping data for table `ci_sessions`
--

INSERT INTO `ci_sessions` (`id`, `ip_address`, `timestamp`, `data`) VALUES
('008709fba1e79a767174bf96948946cbc623daf8', '::1', 1449493075, 0x5f5f63695f6c6173745f726567656e65726174657c693a313434393439323834393b6964656e746974797c733a32353a226d6174746865776f6b7573696d626140676d61696c2e636f6d223b656d61696c7c733a32353a226d6174746865776f6b7573696d626140676d61696c2e636f6d223b757365725f69647c733a313a2231223b6f6c645f6c6173745f6c6f67696e7c733a31303a2231343439343734383539223b66697273745f6e616d657c733a373a224d617474686577223b70686f6e657c733a31303a2230373234393833363136223b6f7267616e697a6174696f6e49647c733a313a2232223b6f7267616e697a6174696f6e4e616d657c733a31323a22496e73757265416672696b61223b),
('017436acb71ca46a6414a3ff61d0c8dea070b150', '::1', 1449397768, 0x5f5f63695f6c6173745f726567656e65726174657c693a313434393339373433333b6964656e746974797c733a32353a226d6174746865776f6b7573696d626140676d61696c2e636f6d223b656d61696c7c733a32353a226d6174746865776f6b7573696d626140676d61696c2e636f6d223b757365725f69647c733a313a2231223b6f6c645f6c6173745f6c6f67696e7c733a31303a2231343439333032383733223b66697273745f6e616d657c733a373a224d617474686577223b70686f6e657c733a31303a2230373234393833363136223b6f7267616e697a6174696f6e49647c733a313a2232223b6f7267616e697a6174696f6e4e616d657c733a31323a22496e73757265416672696b61223b),
('09ea4aefe7184cd0ee748daafc12ea0df0002d25', '::1', 1450358068, 0x5f5f63695f6c6173745f726567656e65726174657c693a313435303335373939363b6964656e746974797c733a32353a226d6174746865776f6b7573696d626140676d61696c2e636f6d223b656d61696c7c733a32353a226d6174746865776f6b7573696d626140676d61696c2e636f6d223b757365725f69647c733a313a2231223b6f6c645f6c6173745f6c6f67696e7c733a31303a2231343530313839313933223b66697273745f6e616d657c733a373a224d617474686577223b70686f6e657c733a31303a2230373234393833363136223b6f7267616e697a6174696f6e49647c733a313a2232223b6f7267616e697a6174696f6e4e616d657c733a31323a22496e73757265416672696b61223b6d6573736167657c733a33303a22456d61696c204472616674207361766564207375636365737366756c6c79223b5f5f63695f766172737c613a313a7b733a373a226d657373616765223b733a333a226f6c64223b7d),
('0b87b4b99e93f8c883268447c5aa4f47e31e4d3e', '::1', 1449574021, 0x5f5f63695f6c6173745f726567656e65726174657c693a313434393537333732393b6964656e746974797c733a32353a226d6174746865776f6b7573696d626140676d61696c2e636f6d223b656d61696c7c733a32353a226d6174746865776f6b7573696d626140676d61696c2e636f6d223b757365725f69647c733a313a2231223b6f6c645f6c6173745f6c6f67696e7c733a31303a2231343439353631373037223b66697273745f6e616d657c733a373a224d617474686577223b70686f6e657c733a31303a2230373234393833363136223b6f7267616e697a6174696f6e49647c733a313a2232223b6f7267616e697a6174696f6e4e616d657c733a31323a22496e73757265416672696b61223b),
('0bb4aee5f4b6de179ec3ec8006e464a089f01863', '::1', 1449422222, 0x5f5f63695f6c6173745f726567656e65726174657c693a313434393432313934373b6964656e746974797c733a32353a226d6174746865776f6b7573696d626140676d61696c2e636f6d223b656d61696c7c733a32353a226d6174746865776f6b7573696d626140676d61696c2e636f6d223b757365725f69647c733a313a2231223b6f6c645f6c6173745f6c6f67696e7c733a31303a2231343439333930313833223b66697273745f6e616d657c733a373a224d617474686577223b70686f6e657c733a31303a2230373234393833363136223b6f7267616e697a6174696f6e49647c733a313a2232223b6f7267616e697a6174696f6e4e616d657c733a31323a22496e73757265416672696b61223b),
('0c7720826013d5c3c934dff55e909fe21daeb587', '::1', 1450356898, 0x5f5f63695f6c6173745f726567656e65726174657c693a313435303335363837333b6964656e746974797c733a32353a226d6174746865776f6b7573696d626140676d61696c2e636f6d223b656d61696c7c733a32353a226d6174746865776f6b7573696d626140676d61696c2e636f6d223b757365725f69647c733a313a2231223b6f6c645f6c6173745f6c6f67696e7c733a31303a2231343530313839313933223b66697273745f6e616d657c733a373a224d617474686577223b70686f6e657c733a31303a2230373234393833363136223b6f7267616e697a6174696f6e49647c733a313a2232223b6f7267616e697a6174696f6e4e616d657c733a31323a22496e73757265416672696b61223b),
('0eddd40d96a8cac9c39c6579ad934cfc4f604eda', '::1', 1449420006, 0x5f5f63695f6c6173745f726567656e65726174657c693a313434393431393936383b6964656e746974797c733a32353a226d6174746865776f6b7573696d626140676d61696c2e636f6d223b656d61696c7c733a32353a226d6174746865776f6b7573696d626140676d61696c2e636f6d223b757365725f69647c733a313a2231223b6f6c645f6c6173745f6c6f67696e7c733a31303a2231343439333930313833223b66697273745f6e616d657c733a373a224d617474686577223b70686f6e657c733a31303a2230373234393833363136223b6f7267616e697a6174696f6e49647c733a313a2232223b6f7267616e697a6174696f6e4e616d657c733a31323a22496e73757265416672696b61223b),
('12d4737f5f479a86dbb65009b1bda39348aad267', '::1', 1449582218, 0x5f5f63695f6c6173745f726567656e65726174657c693a313434393538323231383b6964656e746974797c733a32353a226d6174746865776f6b7573696d626140676d61696c2e636f6d223b656d61696c7c733a32353a226d6174746865776f6b7573696d626140676d61696c2e636f6d223b757365725f69647c733a313a2231223b6f6c645f6c6173745f6c6f67696e7c733a31303a2231343439353631373037223b66697273745f6e616d657c733a373a224d617474686577223b70686f6e657c733a31303a2230373234393833363136223b6f7267616e697a6174696f6e49647c733a313a2232223b6f7267616e697a6174696f6e4e616d657c733a31323a22496e73757265416672696b61223b),
('19147247e66c9aa456153b69c277ddcd5ddb55b6', '::1', 1449498605, 0x5f5f63695f6c6173745f726567656e65726174657c693a313434393439383539383b6964656e746974797c733a32353a226d6174746865776f6b7573696d626140676d61696c2e636f6d223b656d61696c7c733a32353a226d6174746865776f6b7573696d626140676d61696c2e636f6d223b757365725f69647c733a313a2231223b6f6c645f6c6173745f6c6f67696e7c733a31303a2231343439343734383539223b66697273745f6e616d657c733a373a224d617474686577223b70686f6e657c733a31303a2230373234393833363136223b6f7267616e697a6174696f6e49647c733a313a2232223b6f7267616e697a6174696f6e4e616d657c733a31323a22496e73757265416672696b61223b),
('1c591f95cad1a57b4530b2dcd94670ce0f4d7641', '::1', 1449572799, 0x5f5f63695f6c6173745f726567656e65726174657c693a313434393537323536383b6964656e746974797c733a32353a226d6174746865776f6b7573696d626140676d61696c2e636f6d223b656d61696c7c733a32353a226d6174746865776f6b7573696d626140676d61696c2e636f6d223b757365725f69647c733a313a2231223b6f6c645f6c6173745f6c6f67696e7c733a31303a2231343439353631373037223b66697273745f6e616d657c733a373a224d617474686577223b70686f6e657c733a31303a2230373234393833363136223b6f7267616e697a6174696f6e49647c733a313a2232223b6f7267616e697a6174696f6e4e616d657c733a31323a22496e73757265416672696b61223b),
('1ce31292b93fbdee57900285db96410bac264742', '::1', 1449425373, 0x5f5f63695f6c6173745f726567656e65726174657c693a313434393432353135323b6964656e746974797c733a32353a226d6174746865776f6b7573696d626140676d61696c2e636f6d223b656d61696c7c733a32353a226d6174746865776f6b7573696d626140676d61696c2e636f6d223b757365725f69647c733a313a2231223b6f6c645f6c6173745f6c6f67696e7c733a31303a2231343439333930313833223b66697273745f6e616d657c733a373a224d617474686577223b70686f6e657c733a31303a2230373234393833363136223b6f7267616e697a6174696f6e49647c733a313a2232223b6f7267616e697a6174696f6e4e616d657c733a31323a22496e73757265416672696b61223b),
('1e8f6fa59fbaadb32ea9bb5d9f594277b8135b85', '::1', 1449417663, 0x5f5f63695f6c6173745f726567656e65726174657c693a313434393431373530313b6964656e746974797c733a32353a226d6174746865776f6b7573696d626140676d61696c2e636f6d223b656d61696c7c733a32353a226d6174746865776f6b7573696d626140676d61696c2e636f6d223b757365725f69647c733a313a2231223b6f6c645f6c6173745f6c6f67696e7c733a31303a2231343439333930313833223b66697273745f6e616d657c733a373a224d617474686577223b70686f6e657c733a31303a2230373234393833363136223b6f7267616e697a6174696f6e49647c733a313a2232223b6f7267616e697a6174696f6e4e616d657c733a31323a22496e73757265416672696b61223b),
('2002b0c4339f937d267f4b25fff649d4a77e3df9', '::1', 1449581711, 0x5f5f63695f6c6173745f726567656e65726174657c693a313434393538313530363b6964656e746974797c733a32353a226d6174746865776f6b7573696d626140676d61696c2e636f6d223b656d61696c7c733a32353a226d6174746865776f6b7573696d626140676d61696c2e636f6d223b757365725f69647c733a313a2231223b6f6c645f6c6173745f6c6f67696e7c733a31303a2231343439353631373037223b66697273745f6e616d657c733a373a224d617474686577223b70686f6e657c733a31303a2230373234393833363136223b6f7267616e697a6174696f6e49647c733a313a2232223b6f7267616e697a6174696f6e4e616d657c733a31323a22496e73757265416672696b61223b),
('205e8e3079b4bd61345d5e589164f1b3d5063899', '::1', 1449499387, 0x5f5f63695f6c6173745f726567656e65726174657c693a313434393439393231363b6964656e746974797c733a32353a226d6174746865776f6b7573696d626140676d61696c2e636f6d223b656d61696c7c733a32353a226d6174746865776f6b7573696d626140676d61696c2e636f6d223b757365725f69647c733a313a2231223b6f6c645f6c6173745f6c6f67696e7c733a31303a2231343439343734383539223b66697273745f6e616d657c733a373a224d617474686577223b70686f6e657c733a31303a2230373234393833363136223b6f7267616e697a6174696f6e49647c733a313a2232223b6f7267616e697a6174696f6e4e616d657c733a31323a22496e73757265416672696b61223b),
('20f63531e6d5631ee51c6d136035491c1c1c3c26', '::1', 1449399781, 0x5f5f63695f6c6173745f726567656e65726174657c693a313434393339393436363b6964656e746974797c733a32353a226d6174746865776f6b7573696d626140676d61696c2e636f6d223b656d61696c7c733a32353a226d6174746865776f6b7573696d626140676d61696c2e636f6d223b757365725f69647c733a313a2231223b6f6c645f6c6173745f6c6f67696e7c733a31303a2231343439333032383733223b66697273745f6e616d657c733a373a224d617474686577223b70686f6e657c733a31303a2230373234393833363136223b6f7267616e697a6174696f6e49647c733a313a2232223b6f7267616e697a6174696f6e4e616d657c733a31323a22496e73757265416672696b61223b6d6573736167657c733a32343a225461736b20656469746564207375636365737366756c6c79223b5f5f63695f766172737c613a313a7b733a373a226d657373616765223b733a333a226e6577223b7d),
('2167dfbd47047a2b0fb7602451116d628c555726', '::1', 1450357607, 0x5f5f63695f6c6173745f726567656e65726174657c693a313435303335373439303b6964656e746974797c733a32353a226d6174746865776f6b7573696d626140676d61696c2e636f6d223b656d61696c7c733a32353a226d6174746865776f6b7573696d626140676d61696c2e636f6d223b757365725f69647c733a313a2231223b6f6c645f6c6173745f6c6f67696e7c733a31303a2231343530313839313933223b66697273745f6e616d657c733a373a224d617474686577223b70686f6e657c733a31303a2230373234393833363136223b6f7267616e697a6174696f6e49647c733a313a2232223b6f7267616e697a6174696f6e4e616d657c733a31323a22496e73757265416672696b61223b),
('23d937a4ed289d2b2f1da225f2920ceb707466e7', '::1', 1449394286, 0x5f5f63695f6c6173745f726567656e65726174657c693a313434393339343138383b6964656e746974797c733a32353a226d6174746865776f6b7573696d626140676d61696c2e636f6d223b656d61696c7c733a32353a226d6174746865776f6b7573696d626140676d61696c2e636f6d223b757365725f69647c733a313a2231223b6f6c645f6c6173745f6c6f67696e7c733a31303a2231343439333032383733223b66697273745f6e616d657c733a373a224d617474686577223b70686f6e657c733a31303a2230373234393833363136223b6f7267616e697a6174696f6e49647c733a313a2232223b6f7267616e697a6174696f6e4e616d657c733a31323a22496e73757265416672696b61223b),
('277e0e0b957a9e5c7a1d0f91437c18c3683c73ec', '::1', 1450355104, 0x5f5f63695f6c6173745f726567656e65726174657c693a313435303335343537323b6964656e746974797c733a32353a226d6174746865776f6b7573696d626140676d61696c2e636f6d223b656d61696c7c733a32353a226d6174746865776f6b7573696d626140676d61696c2e636f6d223b757365725f69647c733a313a2231223b6f6c645f6c6173745f6c6f67696e7c733a31303a2231343530313839313933223b66697273745f6e616d657c733a373a224d617474686577223b70686f6e657c733a31303a2230373234393833363136223b6f7267616e697a6174696f6e49647c733a313a2232223b6f7267616e697a6174696f6e4e616d657c733a31323a22496e73757265416672696b61223b),
('280c52096a9d7f2ace3adbb7a642095fec377e4c', '::1', 1449492429, 0x5f5f63695f6c6173745f726567656e65726174657c693a313434393439323135333b6964656e746974797c733a32353a226d6174746865776f6b7573696d626140676d61696c2e636f6d223b656d61696c7c733a32353a226d6174746865776f6b7573696d626140676d61696c2e636f6d223b757365725f69647c733a313a2231223b6f6c645f6c6173745f6c6f67696e7c733a31303a2231343439343734383539223b66697273745f6e616d657c733a373a224d617474686577223b70686f6e657c733a31303a2230373234393833363136223b6f7267616e697a6174696f6e49647c733a313a2232223b6f7267616e697a6174696f6e4e616d657c733a31323a22496e73757265416672696b61223b),
('280ef36780fb6bbbaecccbbf4d242282f56037d8', '::1', 1449303165, 0x5f5f63695f6c6173745f726567656e65726174657c693a313434393330323836333b6964656e746974797c733a32353a226d6174746865776f6b7573696d626140676d61696c2e636f6d223b656d61696c7c733a32353a226d6174746865776f6b7573696d626140676d61696c2e636f6d223b757365725f69647c733a313a2231223b6f6c645f6c6173745f6c6f67696e7c733a31303a2231343439323235363535223b66697273745f6e616d657c733a373a224d617474686577223b70686f6e657c733a31303a2230373234393833363136223b6f7267616e697a6174696f6e49647c733a313a2232223b6f7267616e697a6174696f6e4e616d657c733a31323a22496e73757265416672696b61223b),
('296e27659305ef3aa4a5b4d5886243ca000b4ee0', '::1', 1449502266, 0x5f5f63695f6c6173745f726567656e65726174657c693a313434393530323234393b6964656e746974797c733a32353a226d6174746865776f6b7573696d626140676d61696c2e636f6d223b656d61696c7c733a32353a226d6174746865776f6b7573696d626140676d61696c2e636f6d223b757365725f69647c733a313a2231223b6f6c645f6c6173745f6c6f67696e7c733a31303a2231343439343734383539223b66697273745f6e616d657c733a373a224d617474686577223b70686f6e657c733a31303a2230373234393833363136223b6f7267616e697a6174696f6e49647c733a313a2232223b6f7267616e697a6174696f6e4e616d657c733a31323a22496e73757265416672696b61223b),
('2ad5dddbed949a71819424ff4ce3b91c6dfc3c1e', '::1', 1449577924, 0x5f5f63695f6c6173745f726567656e65726174657c693a313434393537373736383b6964656e746974797c733a32353a226d6174746865776f6b7573696d626140676d61696c2e636f6d223b656d61696c7c733a32353a226d6174746865776f6b7573696d626140676d61696c2e636f6d223b757365725f69647c733a313a2231223b6f6c645f6c6173745f6c6f67696e7c733a31303a2231343439353631373037223b66697273745f6e616d657c733a373a224d617474686577223b70686f6e657c733a31303a2230373234393833363136223b6f7267616e697a6174696f6e49647c733a313a2232223b6f7267616e697a6174696f6e4e616d657c733a31323a22496e73757265416672696b61223b),
('2c2c08c220dd91a4be4af64c41627db9794bf814', '::1', 1449572533, 0x5f5f63695f6c6173745f726567656e65726174657c693a313434393537323234333b6964656e746974797c733a32353a226d6174746865776f6b7573696d626140676d61696c2e636f6d223b656d61696c7c733a32353a226d6174746865776f6b7573696d626140676d61696c2e636f6d223b757365725f69647c733a313a2231223b6f6c645f6c6173745f6c6f67696e7c733a31303a2231343439353631373037223b66697273745f6e616d657c733a373a224d617474686577223b70686f6e657c733a31303a2230373234393833363136223b6f7267616e697a6174696f6e49647c733a313a2232223b6f7267616e697a6174696f6e4e616d657c733a31323a22496e73757265416672696b61223b),
('2e78db1e4ada776bc808de02490ecafa83b040a3', '::1', 1449415894, 0x5f5f63695f6c6173745f726567656e65726174657c693a313434393431353839343b6964656e746974797c733a32353a226d6174746865776f6b7573696d626140676d61696c2e636f6d223b656d61696c7c733a32353a226d6174746865776f6b7573696d626140676d61696c2e636f6d223b757365725f69647c733a313a2231223b6f6c645f6c6173745f6c6f67696e7c733a31303a2231343439333930313833223b66697273745f6e616d657c733a373a224d617474686577223b70686f6e657c733a31303a2230373234393833363136223b6f7267616e697a6174696f6e49647c733a313a2232223b6f7267616e697a6174696f6e4e616d657c733a31323a22496e73757265416672696b61223b),
('34c2e4eae9889d8596e28bd5b6d298a190ce7e6f', '::1', 1449426819, 0x5f5f63695f6c6173745f726567656e65726174657c693a313434393432363533303b6964656e746974797c733a32353a226d6174746865776f6b7573696d626140676d61696c2e636f6d223b656d61696c7c733a32353a226d6174746865776f6b7573696d626140676d61696c2e636f6d223b757365725f69647c733a313a2231223b6f6c645f6c6173745f6c6f67696e7c733a31303a2231343439333930313833223b66697273745f6e616d657c733a373a224d617474686577223b70686f6e657c733a31303a2230373234393833363136223b6f7267616e697a6174696f6e49647c733a313a2232223b6f7267616e697a6174696f6e4e616d657c733a31323a22496e73757265416672696b61223b),
('36b948f2c7535c0817693e7bf5ff87ea815e9463', '::1', 1449424841, 0x5f5f63695f6c6173745f726567656e65726174657c693a313434393432343532353b6964656e746974797c733a32353a226d6174746865776f6b7573696d626140676d61696c2e636f6d223b656d61696c7c733a32353a226d6174746865776f6b7573696d626140676d61696c2e636f6d223b757365725f69647c733a313a2231223b6f6c645f6c6173745f6c6f67696e7c733a31303a2231343439333930313833223b66697273745f6e616d657c733a373a224d617474686577223b70686f6e657c733a31303a2230373234393833363136223b6f7267616e697a6174696f6e49647c733a313a2232223b6f7267616e697a6174696f6e4e616d657c733a31323a22496e73757265416672696b61223b6d6573736167657c733a32383a22436f6e746163742063726561746564207375636365737366756c6c79223b5f5f63695f766172737c613a313a7b733a373a226d657373616765223b733a333a226e6577223b7d),
('3d0be9be7c676ce90b3804b200f0ffdb25d55e16', '::1', 1450343156, 0x5f5f63695f6c6173745f726567656e65726174657c693a313435303334323234363b6964656e746974797c733a32353a226d6174746865776f6b7573696d626140676d61696c2e636f6d223b656d61696c7c733a32353a226d6174746865776f6b7573696d626140676d61696c2e636f6d223b757365725f69647c733a313a2231223b6f6c645f6c6173745f6c6f67696e7c733a31303a2231343530313839313933223b66697273745f6e616d657c733a373a224d617474686577223b70686f6e657c733a31303a2230373234393833363136223b6f7267616e697a6174696f6e49647c733a313a2232223b6f7267616e697a6174696f6e4e616d657c733a31323a22496e73757265416672696b61223b),
('3faed03607d221cc671b319b2a5fc08695ea0745', '::1', 1449428705, 0x5f5f63695f6c6173745f726567656e65726174657c693a313434393432383633303b6964656e746974797c733a32353a226d6174746865776f6b7573696d626140676d61696c2e636f6d223b656d61696c7c733a32353a226d6174746865776f6b7573696d626140676d61696c2e636f6d223b757365725f69647c733a313a2231223b6f6c645f6c6173745f6c6f67696e7c733a31303a2231343439333930313833223b66697273745f6e616d657c733a373a224d617474686577223b70686f6e657c733a31303a2230373234393833363136223b6f7267616e697a6174696f6e49647c733a313a2232223b6f7267616e697a6174696f6e4e616d657c733a31323a22496e73757265416672696b61223b6d6573736167657c733a32393a2243616c6c206c6f672075706461746564207375636365737366756c6c79223b5f5f63695f766172737c613a313a7b733a373a226d657373616765223b733a333a226f6c64223b7d),
('41d9e3a819932b5f3a12b0e46ac03c869f827e2b', '::1', 1450356830, 0x5f5f63695f6c6173745f726567656e65726174657c693a313435303335363535323b6964656e746974797c733a32353a226d6174746865776f6b7573696d626140676d61696c2e636f6d223b656d61696c7c733a32353a226d6174746865776f6b7573696d626140676d61696c2e636f6d223b757365725f69647c733a313a2231223b6f6c645f6c6173745f6c6f67696e7c733a31303a2231343530313839313933223b66697273745f6e616d657c733a373a224d617474686577223b70686f6e657c733a31303a2230373234393833363136223b6f7267616e697a6174696f6e49647c733a313a2232223b6f7267616e697a6174696f6e4e616d657c733a31323a22496e73757265416672696b61223b),
('438a708928bede36d749d59907e525d8a17aaff6', '::1', 1449491472, 0x5f5f63695f6c6173745f726567656e65726174657c693a313434393439313234313b6964656e746974797c733a32353a226d6174746865776f6b7573696d626140676d61696c2e636f6d223b656d61696c7c733a32353a226d6174746865776f6b7573696d626140676d61696c2e636f6d223b757365725f69647c733a313a2231223b6f6c645f6c6173745f6c6f67696e7c733a31303a2231343439343734383539223b66697273745f6e616d657c733a373a224d617474686577223b70686f6e657c733a31303a2230373234393833363136223b6f7267616e697a6174696f6e49647c733a313a2232223b6f7267616e697a6174696f6e4e616d657c733a31323a22496e73757265416672696b61223b),
('476e9a3856e20f6000d2877e033839e8872368cf', '::1', 1449425080, 0x5f5f63695f6c6173745f726567656e65726174657c693a313434393432343834313b6964656e746974797c733a32353a226d6174746865776f6b7573696d626140676d61696c2e636f6d223b656d61696c7c733a32353a226d6174746865776f6b7573696d626140676d61696c2e636f6d223b757365725f69647c733a313a2231223b6f6c645f6c6173745f6c6f67696e7c733a31303a2231343439333930313833223b66697273745f6e616d657c733a373a224d617474686577223b70686f6e657c733a31303a2230373234393833363136223b6f7267616e697a6174696f6e49647c733a313a2232223b6f7267616e697a6174696f6e4e616d657c733a31323a22496e73757265416672696b61223b),
('47c4f28afcbdd0ac870a779b872c708796ee22be', '::1', 1449499173, 0x5f5f63695f6c6173745f726567656e65726174657c693a313434393439383930363b6964656e746974797c733a32353a226d6174746865776f6b7573696d626140676d61696c2e636f6d223b656d61696c7c733a32353a226d6174746865776f6b7573696d626140676d61696c2e636f6d223b757365725f69647c733a313a2231223b6f6c645f6c6173745f6c6f67696e7c733a31303a2231343439343734383539223b66697273745f6e616d657c733a373a224d617474686577223b70686f6e657c733a31303a2230373234393833363136223b6f7267616e697a6174696f6e49647c733a313a2232223b6f7267616e697a6174696f6e4e616d657c733a31323a22496e73757265416672696b61223b),
('487180d6f32f2ecb61d6c7ae238946ae76efa203', '::1', 1449494093, 0x5f5f63695f6c6173745f726567656e65726174657c693a313434393439343039333b6964656e746974797c733a32353a226d6174746865776f6b7573696d626140676d61696c2e636f6d223b656d61696c7c733a32353a226d6174746865776f6b7573696d626140676d61696c2e636f6d223b757365725f69647c733a313a2231223b6f6c645f6c6173745f6c6f67696e7c733a31303a2231343439343734383539223b66697273745f6e616d657c733a373a224d617474686577223b70686f6e657c733a31303a2230373234393833363136223b6f7267616e697a6174696f6e49647c733a313a2232223b6f7267616e697a6174696f6e4e616d657c733a31323a22496e73757265416672696b61223b),
('4a30c862a61d1ede10a727764dd94ebb8a113ff4', '::1', 1450360199, 0x5f5f63695f6c6173745f726567656e65726174657c693a313435303335393938343b6964656e746974797c733a32353a226d6174746865776f6b7573696d626140676d61696c2e636f6d223b656d61696c7c733a32353a226d6174746865776f6b7573696d626140676d61696c2e636f6d223b757365725f69647c733a313a2231223b6f6c645f6c6173745f6c6f67696e7c733a31303a2231343530313839313933223b66697273745f6e616d657c733a373a224d617474686577223b70686f6e657c733a31303a2230373234393833363136223b6f7267616e697a6174696f6e49647c733a313a2232223b6f7267616e697a6174696f6e4e616d657c733a31323a22496e73757265416672696b61223b),
('4b01e13ddd11764a01ec29ceaf25719259ac8a9a', '::1', 1450362381, 0x5f5f63695f6c6173745f726567656e65726174657c693a313435303336323231393b6964656e746974797c733a32353a226d6174746865776f6b7573696d626140676d61696c2e636f6d223b656d61696c7c733a32353a226d6174746865776f6b7573696d626140676d61696c2e636f6d223b757365725f69647c733a313a2231223b6f6c645f6c6173745f6c6f67696e7c733a31303a2231343530313839313933223b66697273745f6e616d657c733a373a224d617474686577223b70686f6e657c733a31303a2230373234393833363136223b6f7267616e697a6174696f6e49647c733a313a2232223b6f7267616e697a6174696f6e4e616d657c733a31323a22496e73757265416672696b61223b),
('51a9b2f513d2c817c437b5cbad4d509261c87b0b', '::1', 1450772558, 0x5f5f63695f6c6173745f726567656e65726174657c693a313435303737323530353b6964656e746974797c733a32353a226d6174746865776f6b7573696d626140676d61696c2e636f6d223b656d61696c7c733a32353a226d6174746865776f6b7573696d626140676d61696c2e636f6d223b757365725f69647c733a313a2231223b6f6c645f6c6173745f6c6f67696e7c733a31303a2231343530333432323535223b66697273745f6e616d657c733a373a224d617474686577223b70686f6e657c733a31303a2230373234393833363136223b6f7267616e697a6174696f6e49647c733a313a2232223b6f7267616e697a6174696f6e4e616d657c733a31323a22496e73757265416672696b61223b),
('546f3b60ea1066a93ad006b62c899aed638d842e', '::1', 1450189194, 0x5f5f63695f6c6173745f726567656e65726174657c693a313435303138393138353b6964656e746974797c733a32353a226d6174746865776f6b7573696d626140676d61696c2e636f6d223b656d61696c7c733a32353a226d6174746865776f6b7573696d626140676d61696c2e636f6d223b757365725f69647c733a313a2231223b6f6c645f6c6173745f6c6f67696e7c733a31303a2231343530303837383735223b66697273745f6e616d657c733a373a224d617474686577223b70686f6e657c733a31303a2230373234393833363136223b6f7267616e697a6174696f6e49647c733a313a2232223b6f7267616e697a6174696f6e4e616d657c733a31323a22496e73757265416672696b61223b6d6573736167657c733a3139383a223c64697620636c6173733d22616c65727420616c6572742d7375636365737320616c6572742d6469736d69737361626c65223e3c627574746f6e20747970653d22627574746f6e2220636c6173733d22636c6f73652220646174612d6469736d6973733d22616c6572742220617269612d68696464656e3d2274727565223ec3973c2f627574746f6e3e3c6920636c6173733d2266612066612d636865636b2070723130223e3c2f693e4c6f6767656420496e205375636365737366756c6c793c2f6469763e223b5f5f63695f766172737c613a313a7b733a373a226d657373616765223b733a333a226f6c64223b7d),
('57320ba76c1a5458a4658d28c34d9865e6d71f5b', '::1', 1449562130, 0x6964656e746974797c733a32353a226d6174746865776f6b7573696d626140676d61696c2e636f6d223b656d61696c7c733a32353a226d6174746865776f6b7573696d626140676d61696c2e636f6d223b757365725f69647c733a313a2231223b6f6c645f6c6173745f6c6f67696e7c733a31303a2231343439343931323530223b66697273745f6e616d657c733a373a224d617474686577223b70686f6e657c733a31303a2230373234393833363136223b6f7267616e697a6174696f6e49647c733a313a2232223b6f7267616e697a6174696f6e4e616d657c733a31323a22496e73757265416672696b61223b5f5f63695f6c6173745f726567656e65726174657c693a313434393536323130393b),
('5a4272f5dac250a4dc5e72c1d912cc37787f8d65', '::1', 1449479394, 0x5f5f63695f6c6173745f726567656e65726174657c693a313434393437393135333b6964656e746974797c733a32353a226d6174746865776f6b7573696d626140676d61696c2e636f6d223b656d61696c7c733a32353a226d6174746865776f6b7573696d626140676d61696c2e636f6d223b757365725f69647c733a313a2231223b6f6c645f6c6173745f6c6f67696e7c733a31303a2231343439343134393836223b66697273745f6e616d657c733a373a224d617474686577223b70686f6e657c733a31303a2230373234393833363136223b6f7267616e697a6174696f6e49647c733a313a2232223b6f7267616e697a6174696f6e4e616d657c733a31323a22496e73757265416672696b61223b),
('5ad69f860bb33e551f6a016963fca088b3b108eb', '::1', 1449420598, 0x5f5f63695f6c6173745f726567656e65726174657c693a313434393432303439353b6964656e746974797c733a32353a226d6174746865776f6b7573696d626140676d61696c2e636f6d223b656d61696c7c733a32353a226d6174746865776f6b7573696d626140676d61696c2e636f6d223b757365725f69647c733a313a2231223b6f6c645f6c6173745f6c6f67696e7c733a31303a2231343439333930313833223b66697273745f6e616d657c733a373a224d617474686577223b70686f6e657c733a31303a2230373234393833363136223b6f7267616e697a6174696f6e49647c733a313a2232223b6f7267616e697a6174696f6e4e616d657c733a31323a22496e73757265416672696b61223b),
('5be3dd03b09edcb9276824c505a35d11939cd691', '::1', 1450356101, 0x5f5f63695f6c6173745f726567656e65726174657c693a313435303335353930333b6964656e746974797c733a32353a226d6174746865776f6b7573696d626140676d61696c2e636f6d223b656d61696c7c733a32353a226d6174746865776f6b7573696d626140676d61696c2e636f6d223b757365725f69647c733a313a2231223b6f6c645f6c6173745f6c6f67696e7c733a31303a2231343530313839313933223b66697273745f6e616d657c733a373a224d617474686577223b70686f6e657c733a31303a2230373234393833363136223b6f7267616e697a6174696f6e49647c733a313a2232223b6f7267616e697a6174696f6e4e616d657c733a31323a22496e73757265416672696b61223b),
('5d9d4fd6c75ce13eef7197eca9d9ec13e2d550d2', '::1', 1450359984, 0x5f5f63695f6c6173745f726567656e65726174657c693a313435303335383537333b6964656e746974797c733a32353a226d6174746865776f6b7573696d626140676d61696c2e636f6d223b656d61696c7c733a32353a226d6174746865776f6b7573696d626140676d61696c2e636f6d223b757365725f69647c733a313a2231223b6f6c645f6c6173745f6c6f67696e7c733a31303a2231343530313839313933223b66697273745f6e616d657c733a373a224d617474686577223b70686f6e657c733a31303a2230373234393833363136223b6f7267616e697a6174696f6e49647c733a313a2232223b6f7267616e697a6174696f6e4e616d657c733a31323a22496e73757265416672696b61223b6d6573736167657c733a33303a22456d61696c204472616674207361766564207375636365737366756c6c79223b5f5f63695f766172737c613a313a7b733a373a226d657373616765223b733a333a226e6577223b7d),
('5f7154d0ef39bb7d6f0f2decad42cc4c028fa841', '::1', 1449574925, 0x5f5f63695f6c6173745f726567656e65726174657c693a313434393537343932353b6964656e746974797c733a32353a226d6174746865776f6b7573696d626140676d61696c2e636f6d223b656d61696c7c733a32353a226d6174746865776f6b7573696d626140676d61696c2e636f6d223b757365725f69647c733a313a2231223b6f6c645f6c6173745f6c6f67696e7c733a31303a2231343439353631373037223b66697273745f6e616d657c733a373a224d617474686577223b70686f6e657c733a31303a2230373234393833363136223b6f7267616e697a6174696f6e49647c733a313a2232223b6f7267616e697a6174696f6e4e616d657c733a31323a22496e73757265416672696b61223b),
('60b65f4f87eb4945df76a2af618ea06b06bd5945', '::1', 1449494825, 0x5f5f63695f6c6173745f726567656e65726174657c693a313434393439343536323b6964656e746974797c733a32353a226d6174746865776f6b7573696d626140676d61696c2e636f6d223b656d61696c7c733a32353a226d6174746865776f6b7573696d626140676d61696c2e636f6d223b757365725f69647c733a313a2231223b6f6c645f6c6173745f6c6f67696e7c733a31303a2231343439343734383539223b66697273745f6e616d657c733a373a224d617474686577223b70686f6e657c733a31303a2230373234393833363136223b6f7267616e697a6174696f6e49647c733a313a2232223b6f7267616e697a6174696f6e4e616d657c733a31323a22496e73757265416672696b61223b),
('60df088b12cff3179638134e6800e9332cdce1bd', '::1', 1449303431, 0x5f5f63695f6c6173745f726567656e65726174657c693a313434393330333136353b6964656e746974797c733a32353a226d6174746865776f6b7573696d626140676d61696c2e636f6d223b656d61696c7c733a32353a226d6174746865776f6b7573696d626140676d61696c2e636f6d223b757365725f69647c733a313a2231223b6f6c645f6c6173745f6c6f67696e7c733a31303a2231343439323235363535223b66697273745f6e616d657c733a373a224d617474686577223b70686f6e657c733a31303a2230373234393833363136223b6f7267616e697a6174696f6e49647c733a313a2232223b6f7267616e697a6174696f6e4e616d657c733a31323a22496e73757265416672696b61223b6d6573736167657c733a32353a225461736b2063726561746564207375636365737366756c6c79223b5f5f63695f766172737c613a313a7b733a373a226d657373616765223b733a333a226f6c64223b7d),
('634778bf1d8ad01c6180b08aa339de250d6205ff', '::1', 1449562710, 0x6964656e746974797c733a32353a226d6174746865776f6b7573696d626140676d61696c2e636f6d223b656d61696c7c733a32353a226d6174746865776f6b7573696d626140676d61696c2e636f6d223b757365725f69647c733a313a2231223b6f6c645f6c6173745f6c6f67696e7c733a31303a2231343439343931323530223b66697273745f6e616d657c733a373a224d617474686577223b70686f6e657c733a31303a2230373234393833363136223b6f7267616e697a6174696f6e49647c733a313a2232223b6f7267616e697a6174696f6e4e616d657c733a31323a22496e73757265416672696b61223b5f5f63695f6c6173745f726567656e65726174657c693a313434393536323437363b),
('63801c625cbd3cb83cd5b30051d6053f19044a48', '::1', 1449309606, 0x5f5f63695f6c6173745f726567656e65726174657c693a313434393330393238323b6964656e746974797c733a32353a226d6174746865776f6b7573696d626140676d61696c2e636f6d223b656d61696c7c733a32353a226d6174746865776f6b7573696d626140676d61696c2e636f6d223b757365725f69647c733a313a2231223b6f6c645f6c6173745f6c6f67696e7c733a31303a2231343439323235363535223b66697273745f6e616d657c733a373a224d617474686577223b70686f6e657c733a31303a2230373234393833363136223b6f7267616e697a6174696f6e49647c733a313a2232223b6f7267616e697a6174696f6e4e616d657c733a31323a22496e73757265416672696b61223b),
('67a92723794c34cc6af55cd030f6f3e738be825f', '::1', 1449421490, 0x5f5f63695f6c6173745f726567656e65726174657c693a313434393432313439303b6964656e746974797c733a32353a226d6174746865776f6b7573696d626140676d61696c2e636f6d223b656d61696c7c733a32353a226d6174746865776f6b7573696d626140676d61696c2e636f6d223b757365725f69647c733a313a2231223b6f6c645f6c6173745f6c6f67696e7c733a31303a2231343439333930313833223b66697273745f6e616d657c733a373a224d617474686577223b70686f6e657c733a31303a2230373234393833363136223b6f7267616e697a6174696f6e49647c733a313a2232223b6f7267616e697a6174696f6e4e616d657c733a31323a22496e73757265416672696b61223b6d6573736167657c733a33313a224f70706f7274756e69747920656469746564207375636365737366756c6c79223b5f5f63695f766172737c613a313a7b733a373a226d657373616765223b733a333a226f6c64223b7d),
('6d70a3055611debb0f3bd81b60bd51129e6f05dd', '::1', 1449395516, 0x5f5f63695f6c6173745f726567656e65726174657c693a313434393339353331343b6964656e746974797c733a32353a226d6174746865776f6b7573696d626140676d61696c2e636f6d223b656d61696c7c733a32353a226d6174746865776f6b7573696d626140676d61696c2e636f6d223b757365725f69647c733a313a2231223b6f6c645f6c6173745f6c6f67696e7c733a31303a2231343439333032383733223b66697273745f6e616d657c733a373a224d617474686577223b70686f6e657c733a31303a2230373234393833363136223b6f7267616e697a6174696f6e49647c733a313a2232223b6f7267616e697a6174696f6e4e616d657c733a31323a22496e73757265416672696b61223b),
('6e832dcc63ee96e1f8228de0834699ce6e2959e9', '::1', 1449426252, 0x5f5f63695f6c6173745f726567656e65726174657c693a313434393432363230383b6964656e746974797c733a32353a226d6174746865776f6b7573696d626140676d61696c2e636f6d223b656d61696c7c733a32353a226d6174746865776f6b7573696d626140676d61696c2e636f6d223b757365725f69647c733a313a2231223b6f6c645f6c6173745f6c6f67696e7c733a31303a2231343439333930313833223b66697273745f6e616d657c733a373a224d617474686577223b70686f6e657c733a31303a2230373234393833363136223b6f7267616e697a6174696f6e49647c733a313a2232223b6f7267616e697a6174696f6e4e616d657c733a31323a22496e73757265416672696b61223b),
('6f403341acf059f2714f3c5b567744a5df12c4c1', '::1', 1449571802, 0x5f5f63695f6c6173745f726567656e65726174657c693a313434393537313531323b6964656e746974797c733a32353a226d6174746865776f6b7573696d626140676d61696c2e636f6d223b656d61696c7c733a32353a226d6174746865776f6b7573696d626140676d61696c2e636f6d223b757365725f69647c733a313a2231223b6f6c645f6c6173745f6c6f67696e7c733a31303a2231343439353631373037223b66697273745f6e616d657c733a373a224d617474686577223b70686f6e657c733a31303a2230373234393833363136223b6f7267616e697a6174696f6e49647c733a313a2232223b6f7267616e697a6174696f6e4e616d657c733a31323a22496e73757265416672696b61223b),
('71326db13951ea93470d29c3dec4a315631d441b', '::1', 1449570925, 0x5f5f63695f6c6173745f726567656e65726174657c693a313434393537303633303b6964656e746974797c733a32353a226d6174746865776f6b7573696d626140676d61696c2e636f6d223b656d61696c7c733a32353a226d6174746865776f6b7573696d626140676d61696c2e636f6d223b757365725f69647c733a313a2231223b6f6c645f6c6173745f6c6f67696e7c733a31303a2231343439353631373037223b66697273745f6e616d657c733a373a224d617474686577223b70686f6e657c733a31303a2230373234393833363136223b6f7267616e697a6174696f6e49647c733a313a2232223b6f7267616e697a6174696f6e4e616d657c733a31323a22496e73757265416672696b61223b),
('71e6646f1a7c7de2994c8bc7afd157fb759fd927', '::1', 1450087885, 0x5f5f63695f6c6173745f726567656e65726174657c693a313435303038373835343b6964656e746974797c733a32353a226d6174746865776f6b7573696d626140676d61696c2e636f6d223b656d61696c7c733a32353a226d6174746865776f6b7573696d626140676d61696c2e636f6d223b757365725f69647c733a313a2231223b6f6c645f6c6173745f6c6f67696e7c733a31303a2231343439373336343930223b66697273745f6e616d657c733a373a224d617474686577223b70686f6e657c733a31303a2230373234393833363136223b6f7267616e697a6174696f6e49647c733a313a2232223b6f7267616e697a6174696f6e4e616d657c733a31323a22496e73757265416672696b61223b),
('76ed81df2a4a40e6db8e4332313496b576647438', '::1', 1449495420, 0x5f5f63695f6c6173745f726567656e65726174657c693a313434393439353235333b6964656e746974797c733a32353a226d6174746865776f6b7573696d626140676d61696c2e636f6d223b656d61696c7c733a32353a226d6174746865776f6b7573696d626140676d61696c2e636f6d223b757365725f69647c733a313a2231223b6f6c645f6c6173745f6c6f67696e7c733a31303a2231343439343734383539223b66697273745f6e616d657c733a373a224d617474686577223b70686f6e657c733a31303a2230373234393833363136223b6f7267616e697a6174696f6e49647c733a313a2232223b6f7267616e697a6174696f6e4e616d657c733a31323a22496e73757265416672696b61223b),
('76f7dc4b1b3cb3634ff12ad6f20324b4049b4d59', '::1', 1449397235, 0x5f5f63695f6c6173745f726567656e65726174657c693a313434393339373036323b6964656e746974797c733a32353a226d6174746865776f6b7573696d626140676d61696c2e636f6d223b656d61696c7c733a32353a226d6174746865776f6b7573696d626140676d61696c2e636f6d223b757365725f69647c733a313a2231223b6f6c645f6c6173745f6c6f67696e7c733a31303a2231343439333032383733223b66697273745f6e616d657c733a373a224d617474686577223b70686f6e657c733a31303a2230373234393833363136223b6f7267616e697a6174696f6e49647c733a313a2232223b6f7267616e697a6174696f6e4e616d657c733a31323a22496e73757265416672696b61223b),
('7a2df0a88b30af71013d441a761dda2de9b73cd9', '::1', 1449392811, 0x5f5f63695f6c6173745f726567656e65726174657c693a313434393339323432383b6964656e746974797c733a32353a226d6174746865776f6b7573696d626140676d61696c2e636f6d223b656d61696c7c733a32353a226d6174746865776f6b7573696d626140676d61696c2e636f6d223b757365725f69647c733a313a2231223b6f6c645f6c6173745f6c6f67696e7c733a31303a2231343439333032383733223b66697273745f6e616d657c733a373a224d617474686577223b70686f6e657c733a31303a2230373234393833363136223b6f7267616e697a6174696f6e49647c733a313a2232223b6f7267616e697a6174696f6e4e616d657c733a31323a22496e73757265416672696b61223b),
('8037e87e0196c4ab1792b1507b228218641b6f21', '::1', 1449570299, 0x5f5f63695f6c6173745f726567656e65726174657c693a313434393537303238373b6964656e746974797c733a32353a226d6174746865776f6b7573696d626140676d61696c2e636f6d223b656d61696c7c733a32353a226d6174746865776f6b7573696d626140676d61696c2e636f6d223b757365725f69647c733a313a2231223b6f6c645f6c6173745f6c6f67696e7c733a31303a2231343439353631373037223b66697273745f6e616d657c733a373a224d617474686577223b70686f6e657c733a31303a2230373234393833363136223b6f7267616e697a6174696f6e49647c733a313a2232223b6f7267616e697a6174696f6e4e616d657c733a31323a22496e73757265416672696b61223b),
('820f599f7c2490969d84c7f06790472bcefce708', '::1', 1452505878, 0x5f5f63695f6c6173745f726567656e65726174657c693a313435323530353835393b6964656e746974797c733a32353a226d6174746865776f6b7573696d626140676d61696c2e636f6d223b656d61696c7c733a32353a226d6174746865776f6b7573696d626140676d61696c2e636f6d223b757365725f69647c733a313a2231223b6f6c645f6c6173745f6c6f67696e7c733a31303a2231343530373732353533223b66697273745f6e616d657c733a373a224d617474686577223b70686f6e657c733a31303a2230373234393833363136223b6f7267616e697a6174696f6e49647c733a313a2232223b6f7267616e697a6174696f6e4e616d657c733a31323a22496e73757265416672696b61223b),
('8333e4e7c359f6c149f0d1d23f62698e5c461f7c', '::1', 1449309219, 0x5f5f63695f6c6173745f726567656e65726174657c693a313434393330383935343b6964656e746974797c733a32353a226d6174746865776f6b7573696d626140676d61696c2e636f6d223b656d61696c7c733a32353a226d6174746865776f6b7573696d626140676d61696c2e636f6d223b757365725f69647c733a313a2231223b6f6c645f6c6173745f6c6f67696e7c733a31303a2231343439323235363535223b66697273745f6e616d657c733a373a224d617474686577223b70686f6e657c733a31303a2230373234393833363136223b6f7267616e697a6174696f6e49647c733a313a2232223b6f7267616e697a6174696f6e4e616d657c733a31323a22496e73757265416672696b61223b),
('8589ca53cdb532f62e7effe6cc65ab49654494a1', '::1', 1449581084, 0x5f5f63695f6c6173745f726567656e65726174657c693a313434393538303833313b6964656e746974797c733a32353a226d6174746865776f6b7573696d626140676d61696c2e636f6d223b656d61696c7c733a32353a226d6174746865776f6b7573696d626140676d61696c2e636f6d223b757365725f69647c733a313a2231223b6f6c645f6c6173745f6c6f67696e7c733a31303a2231343439353631373037223b66697273745f6e616d657c733a373a224d617474686577223b70686f6e657c733a31303a2230373234393833363136223b6f7267616e697a6174696f6e49647c733a313a2232223b6f7267616e697a6174696f6e4e616d657c733a31323a22496e73757265416672696b61223b),
('875fc444171c498b5c298d656ebe55ac9fc7501d', '::1', 1449393273, 0x5f5f63695f6c6173745f726567656e65726174657c693a313434393339333237333b6964656e746974797c733a32353a226d6174746865776f6b7573696d626140676d61696c2e636f6d223b656d61696c7c733a32353a226d6174746865776f6b7573696d626140676d61696c2e636f6d223b757365725f69647c733a313a2231223b6f6c645f6c6173745f6c6f67696e7c733a31303a2231343439333032383733223b66697273745f6e616d657c733a373a224d617474686577223b70686f6e657c733a31303a2230373234393833363136223b6f7267616e697a6174696f6e49647c733a313a2232223b6f7267616e697a6174696f6e4e616d657c733a31323a22496e73757265416672696b61223b),
('8763d5290307303673d5d1121218a37ce6d462b9', '::1', 1449394825, 0x5f5f63695f6c6173745f726567656e65726174657c693a313434393339343632313b6964656e746974797c733a32353a226d6174746865776f6b7573696d626140676d61696c2e636f6d223b656d61696c7c733a32353a226d6174746865776f6b7573696d626140676d61696c2e636f6d223b757365725f69647c733a313a2231223b6f6c645f6c6173745f6c6f67696e7c733a31303a2231343439333032383733223b66697273745f6e616d657c733a373a224d617474686577223b70686f6e657c733a31303a2230373234393833363136223b6f7267616e697a6174696f6e49647c733a313a2232223b6f7267616e697a6174696f6e4e616d657c733a31323a22496e73757265416672696b61223b),
('88904aeeb282aa28926d7919ca5e87b48b09e5cf', '::1', 1449574481, 0x5f5f63695f6c6173745f726567656e65726174657c693a313434393537343138333b6964656e746974797c733a32353a226d6174746865776f6b7573696d626140676d61696c2e636f6d223b656d61696c7c733a32353a226d6174746865776f6b7573696d626140676d61696c2e636f6d223b757365725f69647c733a313a2231223b6f6c645f6c6173745f6c6f67696e7c733a31303a2231343439353631373037223b66697273745f6e616d657c733a373a224d617474686577223b70686f6e657c733a31303a2230373234393833363136223b6f7267616e697a6174696f6e49647c733a313a2232223b6f7267616e697a6174696f6e4e616d657c733a31323a22496e73757265416672696b61223b),
('8b4b088826c1dd88fccdff084419af687992bd3a', '::1', 1449419405, 0x5f5f63695f6c6173745f726567656e65726174657c693a313434393431393139383b6964656e746974797c733a32353a226d6174746865776f6b7573696d626140676d61696c2e636f6d223b656d61696c7c733a32353a226d6174746865776f6b7573696d626140676d61696c2e636f6d223b757365725f69647c733a313a2231223b6f6c645f6c6173745f6c6f67696e7c733a31303a2231343439333930313833223b66697273745f6e616d657c733a373a224d617474686577223b70686f6e657c733a31303a2230373234393833363136223b6f7267616e697a6174696f6e49647c733a313a2232223b6f7267616e697a6174696f6e4e616d657c733a31323a22496e73757265416672696b61223b),
('8eed02bee5be4bb493019f6017c0cc9f99363a0c', '::1', 1449393203, 0x5f5f63695f6c6173745f726567656e65726174657c693a313434393339323935333b6964656e746974797c733a32353a226d6174746865776f6b7573696d626140676d61696c2e636f6d223b656d61696c7c733a32353a226d6174746865776f6b7573696d626140676d61696c2e636f6d223b757365725f69647c733a313a2231223b6f6c645f6c6173745f6c6f67696e7c733a31303a2231343439333032383733223b66697273745f6e616d657c733a373a224d617474686577223b70686f6e657c733a31303a2230373234393833363136223b6f7267616e697a6174696f6e49647c733a313a2232223b6f7267616e697a6174696f6e4e616d657c733a31323a22496e73757265416672696b61223b6d6573736167657c733a32353a225461736b2063726561746564207375636365737366756c6c79223b5f5f63695f766172737c613a313a7b733a373a226d657373616765223b733a333a226f6c64223b7d),
('904c91c2217551ebf531ee9f42154b3cd1ad62dc', '::1', 1449491909, 0x5f5f63695f6c6173745f726567656e65726174657c693a313434393439313738303b6964656e746974797c733a32353a226d6174746865776f6b7573696d626140676d61696c2e636f6d223b656d61696c7c733a32353a226d6174746865776f6b7573696d626140676d61696c2e636f6d223b757365725f69647c733a313a2231223b6f6c645f6c6173745f6c6f67696e7c733a31303a2231343439343734383539223b66697273745f6e616d657c733a373a224d617474686577223b70686f6e657c733a31303a2230373234393833363136223b6f7267616e697a6174696f6e49647c733a313a2232223b6f7267616e697a6174696f6e4e616d657c733a31323a22496e73757265416672696b61223b),
('92fe197936709c4f07194a79cffd92b2b17d8451', '::1', 1449572153, 0x5f5f63695f6c6173745f726567656e65726174657c693a313434393537313835323b6964656e746974797c733a32353a226d6174746865776f6b7573696d626140676d61696c2e636f6d223b656d61696c7c733a32353a226d6174746865776f6b7573696d626140676d61696c2e636f6d223b757365725f69647c733a313a2231223b6f6c645f6c6173745f6c6f67696e7c733a31303a2231343439353631373037223b66697273745f6e616d657c733a373a224d617474686577223b70686f6e657c733a31303a2230373234393833363136223b6f7267616e697a6174696f6e49647c733a313a2232223b6f7267616e697a6174696f6e4e616d657c733a31323a22496e73757265416672696b61223b),
('94d4a7f151848b02f9ee85502328a3e0e1e42b74', '::1', 1449571267, 0x5f5f63695f6c6173745f726567656e65726174657c693a313434393537303939333b6964656e746974797c733a32353a226d6174746865776f6b7573696d626140676d61696c2e636f6d223b656d61696c7c733a32353a226d6174746865776f6b7573696d626140676d61696c2e636f6d223b757365725f69647c733a313a2231223b6f6c645f6c6173745f6c6f67696e7c733a31303a2231343439353631373037223b66697273745f6e616d657c733a373a224d617474686577223b70686f6e657c733a31303a2230373234393833363136223b6f7267616e697a6174696f6e49647c733a313a2232223b6f7267616e697a6174696f6e4e616d657c733a31323a22496e73757265416672696b61223b),
('950d55b7619faa08270faef5ae23767c8752ff79', '::1', 1449415159, 0x5f5f63695f6c6173745f726567656e65726174657c693a313434393431343938363b6964656e746974797c733a32353a226d6174746865776f6b7573696d626140676d61696c2e636f6d223b656d61696c7c733a32353a226d6174746865776f6b7573696d626140676d61696c2e636f6d223b757365725f69647c733a313a2231223b6f6c645f6c6173745f6c6f67696e7c733a31303a2231343439333930313833223b66697273745f6e616d657c733a373a224d617474686577223b70686f6e657c733a31303a2230373234393833363136223b6f7267616e697a6174696f6e49647c733a313a2232223b6f7267616e697a6174696f6e4e616d657c733a31323a22496e73757265416672696b61223b),
('969507fb226c4ad5c2625b853fd4cdb31c45e231', '::1', 1449498598, 0x5f5f63695f6c6173745f726567656e65726174657c693a313434393439373633343b6964656e746974797c733a32353a226d6174746865776f6b7573696d626140676d61696c2e636f6d223b656d61696c7c733a32353a226d6174746865776f6b7573696d626140676d61696c2e636f6d223b757365725f69647c733a313a2231223b6f6c645f6c6173745f6c6f67696e7c733a31303a2231343439343734383539223b66697273745f6e616d657c733a373a224d617474686577223b70686f6e657c733a31303a2230373234393833363136223b6f7267616e697a6174696f6e49647c733a313a2232223b6f7267616e697a6174696f6e4e616d657c733a31323a22496e73757265416672696b61223b),
('96bfa410429f2dd5caa77f2e482b5b9a94ba2cb0', '::1', 1449399427, 0x5f5f63695f6c6173745f726567656e65726174657c693a313434393339393133383b6964656e746974797c733a32353a226d6174746865776f6b7573696d626140676d61696c2e636f6d223b656d61696c7c733a32353a226d6174746865776f6b7573696d626140676d61696c2e636f6d223b757365725f69647c733a313a2231223b6f6c645f6c6173745f6c6f67696e7c733a31303a2231343439333032383733223b66697273745f6e616d657c733a373a224d617474686577223b70686f6e657c733a31303a2230373234393833363136223b6f7267616e697a6174696f6e49647c733a313a2232223b6f7267616e697a6174696f6e4e616d657c733a31323a22496e73757265416672696b61223b),
('96eeafabe28611279e0e77121eecb4bc5ae9b706', '::1', 1449390694, 0x5f5f63695f6c6173745f726567656e65726174657c693a313434393339303137303b6964656e746974797c733a32353a226d6174746865776f6b7573696d626140676d61696c2e636f6d223b656d61696c7c733a32353a226d6174746865776f6b7573696d626140676d61696c2e636f6d223b757365725f69647c733a313a2231223b6f6c645f6c6173745f6c6f67696e7c733a31303a2231343439333032383733223b66697273745f6e616d657c733a373a224d617474686577223b70686f6e657c733a31303a2230373234393833363136223b6f7267616e697a6174696f6e49647c733a313a2232223b6f7267616e697a6174696f6e4e616d657c733a31323a22496e73757265416672696b61223b),
('994ee828f1b08588f490ddabd0c174b8620c4bc8', '::1', 1449415481, 0x5f5f63695f6c6173745f726567656e65726174657c693a313434393431353433353b6964656e746974797c733a32353a226d6174746865776f6b7573696d626140676d61696c2e636f6d223b656d61696c7c733a32353a226d6174746865776f6b7573696d626140676d61696c2e636f6d223b757365725f69647c733a313a2231223b6f6c645f6c6173745f6c6f67696e7c733a31303a2231343439333930313833223b66697273745f6e616d657c733a373a224d617474686577223b70686f6e657c733a31303a2230373234393833363136223b6f7267616e697a6174696f6e49647c733a313a2232223b6f7267616e697a6174696f6e4e616d657c733a31323a22496e73757265416672696b61223b6d6573736167657c733a32353a225461736b2063726561746564207375636365737366756c6c79223b5f5f63695f766172737c613a313a7b733a373a226d657373616765223b733a333a226f6c64223b7d),
('9bf7616a3af0342c48ab5db64633f0b1d315d84d', '::1', 1449497634, 0x5f5f63695f6c6173745f726567656e65726174657c693a313434393439363633343b6964656e746974797c733a32353a226d6174746865776f6b7573696d626140676d61696c2e636f6d223b656d61696c7c733a32353a226d6174746865776f6b7573696d626140676d61696c2e636f6d223b757365725f69647c733a313a2231223b6f6c645f6c6173745f6c6f67696e7c733a31303a2231343439343734383539223b66697273745f6e616d657c733a373a224d617474686577223b70686f6e657c733a31303a2230373234393833363136223b6f7267616e697a6174696f6e49647c733a313a2233223b6f7267616e697a6174696f6e4e616d657c733a31333a224e6972626861752047726f7570223b),
('9fb03d8f11d5ee51ba51f63fc90cb7853c8e100c', '::1', 1449575781, 0x5f5f63695f6c6173745f726567656e65726174657c693a313434393537353738313b6964656e746974797c733a32353a226d6174746865776f6b7573696d626140676d61696c2e636f6d223b656d61696c7c733a32353a226d6174746865776f6b7573696d626140676d61696c2e636f6d223b757365725f69647c733a313a2231223b6f6c645f6c6173745f6c6f67696e7c733a31303a2231343439353631373037223b66697273745f6e616d657c733a373a224d617474686577223b70686f6e657c733a31303a2230373234393833363136223b6f7267616e697a6174696f6e49647c733a313a2232223b6f7267616e697a6174696f6e4e616d657c733a31323a22496e73757265416672696b61223b),
('a45b6b682edb25f2eb808507b8e86467868a6ec2', '::1', 1449495185, 0x5f5f63695f6c6173745f726567656e65726174657c693a313434393439343930383b6964656e746974797c733a32353a226d6174746865776f6b7573696d626140676d61696c2e636f6d223b656d61696c7c733a32353a226d6174746865776f6b7573696d626140676d61696c2e636f6d223b757365725f69647c733a313a2231223b6f6c645f6c6173745f6c6f67696e7c733a31303a2231343439343734383539223b66697273745f6e616d657c733a373a224d617474686577223b70686f6e657c733a31303a2230373234393833363136223b6f7267616e697a6174696f6e49647c733a313a2232223b6f7267616e697a6174696f6e4e616d657c733a31323a22496e73757265416672696b61223b),
('a787ab34203f11cc7da254b848fb5ef00e7afd4d', '::1', 1449393795, 0x5f5f63695f6c6173745f726567656e65726174657c693a313434393339333538363b6964656e746974797c733a32353a226d6174746865776f6b7573696d626140676d61696c2e636f6d223b656d61696c7c733a32353a226d6174746865776f6b7573696d626140676d61696c2e636f6d223b757365725f69647c733a313a2231223b6f6c645f6c6173745f6c6f67696e7c733a31303a2231343439333032383733223b66697273745f6e616d657c733a373a224d617474686577223b70686f6e657c733a31303a2230373234393833363136223b6f7267616e697a6174696f6e49647c733a313a2232223b6f7267616e697a6174696f6e4e616d657c733a31323a22496e73757265416672696b61223b),
('aa06b7d79f2a7ff86be9ec92cff330c444e1ecf0', '::1', 1450348359, 0x5f5f63695f6c6173745f726567656e65726174657c693a313435303334383133303b6964656e746974797c733a32353a226d6174746865776f6b7573696d626140676d61696c2e636f6d223b656d61696c7c733a32353a226d6174746865776f6b7573696d626140676d61696c2e636f6d223b757365725f69647c733a313a2231223b6f6c645f6c6173745f6c6f67696e7c733a31303a2231343530313839313933223b66697273745f6e616d657c733a373a224d617474686577223b70686f6e657c733a31303a2230373234393833363136223b6f7267616e697a6174696f6e49647c733a313a2232223b6f7267616e697a6174696f6e4e616d657c733a31323a22496e73757265416672696b61223b);
INSERT INTO `ci_sessions` (`id`, `ip_address`, `timestamp`, `data`) VALUES
('ac07abde819ddb1631a91215c0c81677a744ef0e', '::1', 1450353661, 0x5f5f63695f6c6173745f726567656e65726174657c693a313435303334383533363b6964656e746974797c733a32353a226d6174746865776f6b7573696d626140676d61696c2e636f6d223b656d61696c7c733a32353a226d6174746865776f6b7573696d626140676d61696c2e636f6d223b757365725f69647c733a313a2231223b6f6c645f6c6173745f6c6f67696e7c733a31303a2231343530313839313933223b66697273745f6e616d657c733a373a224d617474686577223b70686f6e657c733a31303a2230373234393833363136223b6f7267616e697a6174696f6e49647c733a313a2232223b6f7267616e697a6174696f6e4e616d657c733a31323a22496e73757265416672696b61223b),
('ada668b94a7f709862c69db955f9af215b81225e', '::1', 1449492806, 0x5f5f63695f6c6173745f726567656e65726174657c693a313434393439323533343b6964656e746974797c733a32353a226d6174746865776f6b7573696d626140676d61696c2e636f6d223b656d61696c7c733a32353a226d6174746865776f6b7573696d626140676d61696c2e636f6d223b757365725f69647c733a313a2231223b6f6c645f6c6173745f6c6f67696e7c733a31303a2231343439343734383539223b66697273745f6e616d657c733a373a224d617474686577223b70686f6e657c733a31303a2230373234393833363136223b6f7267616e697a6174696f6e49647c733a313a2232223b6f7267616e697a6174696f6e4e616d657c733a31323a22496e73757265416672696b61223b),
('b1c4d83d9ce70425b875b37c16825ab777bf3ada', '::1', 1449478420, 0x5f5f63695f6c6173745f726567656e65726174657c693a313434393437383339323b6964656e746974797c733a32353a226d6174746865776f6b7573696d626140676d61696c2e636f6d223b656d61696c7c733a32353a226d6174746865776f6b7573696d626140676d61696c2e636f6d223b757365725f69647c733a313a2231223b6f6c645f6c6173745f6c6f67696e7c733a31303a2231343439343134393836223b66697273745f6e616d657c733a373a224d617474686577223b70686f6e657c733a31303a2230373234393833363136223b6f7267616e697a6174696f6e49647c733a313a2232223b6f7267616e697a6174696f6e4e616d657c733a31323a22496e73757265416672696b61223b),
('b4cdccb0acabade8079b690c2b3526394ed753f3', '::1', 1449423617, 0x5f5f63695f6c6173745f726567656e65726174657c693a313434393432333333373b6964656e746974797c733a32353a226d6174746865776f6b7573696d626140676d61696c2e636f6d223b656d61696c7c733a32353a226d6174746865776f6b7573696d626140676d61696c2e636f6d223b757365725f69647c733a313a2231223b6f6c645f6c6173745f6c6f67696e7c733a31303a2231343439333930313833223b66697273745f6e616d657c733a373a224d617474686577223b70686f6e657c733a31303a2230373234393833363136223b6f7267616e697a6174696f6e49647c733a313a2232223b6f7267616e697a6174696f6e4e616d657c733a31323a22496e73757265416672696b61223b),
('b5c3f203a7d21ff0a70f7b8f7e41ef5c70b59451', '::1', 1449397870, 0x5f5f63695f6c6173745f726567656e65726174657c693a313434393339373833333b6964656e746974797c733a32353a226d6174746865776f6b7573696d626140676d61696c2e636f6d223b656d61696c7c733a32353a226d6174746865776f6b7573696d626140676d61696c2e636f6d223b757365725f69647c733a313a2231223b6f6c645f6c6173745f6c6f67696e7c733a31303a2231343439333032383733223b66697273745f6e616d657c733a373a224d617474686577223b70686f6e657c733a31303a2230373234393833363136223b6f7267616e697a6174696f6e49647c733a313a2232223b6f7267616e697a6174696f6e4e616d657c733a31323a22496e73757265416672696b61223b),
('b8a2d784491b8a1421f9d1d63b02e10d0ffea978', '::1', 1449421489, 0x5f5f63695f6c6173745f726567656e65726174657c693a313434393432313138353b6964656e746974797c733a32353a226d6174746865776f6b7573696d626140676d61696c2e636f6d223b656d61696c7c733a32353a226d6174746865776f6b7573696d626140676d61696c2e636f6d223b757365725f69647c733a313a2231223b6f6c645f6c6173745f6c6f67696e7c733a31303a2231343439333930313833223b66697273745f6e616d657c733a373a224d617474686577223b70686f6e657c733a31303a2230373234393833363136223b6f7267616e697a6174696f6e49647c733a313a2232223b6f7267616e697a6174696f6e4e616d657c733a31323a22496e73757265416672696b61223b6d6573736167657c733a33313a224f70706f7274756e69747920656469746564207375636365737366756c6c79223b5f5f63695f766172737c613a313a7b733a373a226d657373616765223b733a333a226e6577223b7d),
('b9292a030d024f258db7a973c737f419e353bfdb', '::1', 1450360570, 0x5f5f63695f6c6173745f726567656e65726174657c693a313435303336303239313b6964656e746974797c733a32353a226d6174746865776f6b7573696d626140676d61696c2e636f6d223b656d61696c7c733a32353a226d6174746865776f6b7573696d626140676d61696c2e636f6d223b757365725f69647c733a313a2231223b6f6c645f6c6173745f6c6f67696e7c733a31303a2231343530313839313933223b66697273745f6e616d657c733a373a224d617474686577223b70686f6e657c733a31303a2230373234393833363136223b6f7267616e697a6174696f6e49647c733a313a2232223b6f7267616e697a6174696f6e4e616d657c733a31323a22496e73757265416672696b61223b6d6573736167657c733a32373a22436f6e7461637420656469746564207375636365737366756c6c79223b5f5f63695f766172737c613a313a7b733a373a226d657373616765223b733a333a226f6c64223b7d),
('bae623345d5ffd0e4fd6d71f852e2593d948f24f', '::1', 1449310046, 0x5f5f63695f6c6173745f726567656e65726174657c693a313434393330393736323b6964656e746974797c733a32353a226d6174746865776f6b7573696d626140676d61696c2e636f6d223b656d61696c7c733a32353a226d6174746865776f6b7573696d626140676d61696c2e636f6d223b757365725f69647c733a313a2231223b6f6c645f6c6173745f6c6f67696e7c733a31303a2231343439323235363535223b66697273745f6e616d657c733a373a224d617474686577223b70686f6e657c733a31303a2230373234393833363136223b6f7267616e697a6174696f6e49647c733a313a2232223b6f7267616e697a6174696f6e4e616d657c733a31323a22496e73757265416672696b61223b),
('be0aa0b65eada0bf14c87352aaf5c75b93c62bcf', '::1', 1449393888, 0x5f5f63695f6c6173745f726567656e65726174657c693a313434393339333838373b6964656e746974797c733a32353a226d6174746865776f6b7573696d626140676d61696c2e636f6d223b656d61696c7c733a32353a226d6174746865776f6b7573696d626140676d61696c2e636f6d223b757365725f69647c733a313a2231223b6f6c645f6c6173745f6c6f67696e7c733a31303a2231343439333032383733223b66697273745f6e616d657c733a373a224d617474686577223b70686f6e657c733a31303a2230373234393833363136223b6f7267616e697a6174696f6e49647c733a313a2232223b6f7267616e697a6174696f6e4e616d657c733a31323a22496e73757265416672696b61223b),
('bea72148c51b24b1fa9250c8881fe806c8d9cf5f', '::1', 1449427265, 0x5f5f63695f6c6173745f726567656e65726174657c693a313434393432373230313b6964656e746974797c733a32353a226d6174746865776f6b7573696d626140676d61696c2e636f6d223b656d61696c7c733a32353a226d6174746865776f6b7573696d626140676d61696c2e636f6d223b757365725f69647c733a313a2231223b6f6c645f6c6173745f6c6f67696e7c733a31303a2231343439333930313833223b66697273745f6e616d657c733a373a224d617474686577223b70686f6e657c733a31303a2230373234393833363136223b6f7267616e697a6174696f6e49647c733a313a2232223b6f7267616e697a6174696f6e4e616d657c733a31323a22496e73757265416672696b61223b),
('c3fbbcd7d1058bf46f7c6f3803f936459e72cbae', '::1', 1449493514, 0x5f5f63695f6c6173745f726567656e65726174657c693a313434393439333434373b6964656e746974797c733a32353a226d6174746865776f6b7573696d626140676d61696c2e636f6d223b656d61696c7c733a32353a226d6174746865776f6b7573696d626140676d61696c2e636f6d223b757365725f69647c733a313a2231223b6f6c645f6c6173745f6c6f67696e7c733a31303a2231343439343734383539223b66697273745f6e616d657c733a373a224d617474686577223b70686f6e657c733a31303a2230373234393833363136223b6f7267616e697a6174696f6e49647c733a313a2232223b6f7267616e697a6174696f6e4e616d657c733a31323a22496e73757265416672696b61223b),
('c91ce0e1817f2f7bcee74fc5fb7050084efcd882', '::1', 1449428338, 0x5f5f63695f6c6173745f726567656e65726174657c693a313434393432383031313b6964656e746974797c733a32353a226d6174746865776f6b7573696d626140676d61696c2e636f6d223b656d61696c7c733a32353a226d6174746865776f6b7573696d626140676d61696c2e636f6d223b757365725f69647c733a313a2231223b6f6c645f6c6173745f6c6f67696e7c733a31303a2231343439333930313833223b66697273745f6e616d657c733a373a224d617474686577223b70686f6e657c733a31303a2230373234393833363136223b6f7267616e697a6174696f6e49647c733a313a2232223b6f7267616e697a6174696f6e4e616d657c733a31323a22496e73757265416672696b61223b),
('d0340778237047b8d10dc63375886b9c6473fcaa', '::1', 1449574830, 0x5f5f63695f6c6173745f726567656e65726174657c693a313434393537343534363b6964656e746974797c733a32353a226d6174746865776f6b7573696d626140676d61696c2e636f6d223b656d61696c7c733a32353a226d6174746865776f6b7573696d626140676d61696c2e636f6d223b757365725f69647c733a313a2231223b6f6c645f6c6173745f6c6f67696e7c733a31303a2231343439353631373037223b66697273745f6e616d657c733a373a224d617474686577223b70686f6e657c733a31303a2230373234393833363136223b6f7267616e697a6174696f6e49647c733a313a2232223b6f7267616e697a6174696f6e4e616d657c733a31323a22496e73757265416672696b61223b),
('d16390a01036ca8a8f97a6a5ac475de6c804fe7e', '::1', 1449502779, 0x5f5f63695f6c6173745f726567656e65726174657c693a313434393530323637393b6964656e746974797c733a32353a226d6174746865776f6b7573696d626140676d61696c2e636f6d223b656d61696c7c733a32353a226d6174746865776f6b7573696d626140676d61696c2e636f6d223b757365725f69647c733a313a2231223b6f6c645f6c6173745f6c6f67696e7c733a31303a2231343439343734383539223b66697273745f6e616d657c733a373a224d617474686577223b70686f6e657c733a31303a2230373234393833363136223b6f7267616e697a6174696f6e49647c733a313a2232223b6f7267616e697a6174696f6e4e616d657c733a31323a22496e73757265416672696b61223b),
('d37aad9d7e63d7dba68da61edc419067afb188d7', '::1', 1449429076, 0x5f5f63695f6c6173745f726567656e65726174657c693a313434393432393034323b6964656e746974797c733a32353a226d6174746865776f6b7573696d626140676d61696c2e636f6d223b656d61696c7c733a32353a226d6174746865776f6b7573696d626140676d61696c2e636f6d223b757365725f69647c733a313a2231223b6f6c645f6c6173745f6c6f67696e7c733a31303a2231343439333930313833223b66697273745f6e616d657c733a373a224d617474686577223b70686f6e657c733a31303a2230373234393833363136223b6f7267616e697a6174696f6e49647c733a313a2232223b6f7267616e697a6174696f6e4e616d657c733a31323a22496e73757265416672696b61223b),
('d5a0d6c224869697dfda00a81b184f149fda1a46', '::1', 1449396980, 0x5f5f63695f6c6173745f726567656e65726174657c693a313434393339363732343b6964656e746974797c733a32353a226d6174746865776f6b7573696d626140676d61696c2e636f6d223b656d61696c7c733a32353a226d6174746865776f6b7573696d626140676d61696c2e636f6d223b757365725f69647c733a313a2231223b6f6c645f6c6173745f6c6f67696e7c733a31303a2231343439333032383733223b66697273745f6e616d657c733a373a224d617474686577223b70686f6e657c733a31303a2230373234393833363136223b6f7267616e697a6174696f6e49647c733a313a2232223b6f7267616e697a6174696f6e4e616d657c733a31323a22496e73757265416672696b61223b),
('d653ef636a93da3b0f0aa2a86289d9592d67611e', '::1', 1449429965, 0x5f5f63695f6c6173745f726567656e65726174657c693a313434393432393832323b6964656e746974797c733a32353a226d6174746865776f6b7573696d626140676d61696c2e636f6d223b656d61696c7c733a32353a226d6174746865776f6b7573696d626140676d61696c2e636f6d223b757365725f69647c733a313a2231223b6f6c645f6c6173745f6c6f67696e7c733a31303a2231343439333930313833223b66697273745f6e616d657c733a373a224d617474686577223b70686f6e657c733a31303a2230373234393833363136223b6f7267616e697a6174696f6e49647c733a313a2232223b6f7267616e697a6174696f6e4e616d657c733a31323a22496e73757265416672696b61223b),
('d6818a1d3658386a0e0af8bf5baf29f4c66298ed', '::1', 1449396519, 0x5f5f63695f6c6173745f726567656e65726174657c693a313434393339363330343b6964656e746974797c733a32353a226d6174746865776f6b7573696d626140676d61696c2e636f6d223b656d61696c7c733a32353a226d6174746865776f6b7573696d626140676d61696c2e636f6d223b757365725f69647c733a313a2231223b6f6c645f6c6173745f6c6f67696e7c733a31303a2231343439333032383733223b66697273745f6e616d657c733a373a224d617474686577223b70686f6e657c733a31303a2230373234393833363136223b6f7267616e697a6174696f6e49647c733a313a2232223b6f7267616e697a6174696f6e4e616d657c733a31323a22496e73757265416672696b61223b),
('d78388e854f4478d2cb57226ffc43c4662e13bad', '::1', 1449398367, 0x5f5f63695f6c6173745f726567656e65726174657c693a313434393339383330333b6964656e746974797c733a32353a226d6174746865776f6b7573696d626140676d61696c2e636f6d223b656d61696c7c733a32353a226d6174746865776f6b7573696d626140676d61696c2e636f6d223b757365725f69647c733a313a2231223b6f6c645f6c6173745f6c6f67696e7c733a31303a2231343439333032383733223b66697273745f6e616d657c733a373a224d617474686577223b70686f6e657c733a31303a2230373234393833363136223b6f7267616e697a6174696f6e49647c733a313a2232223b6f7267616e697a6174696f6e4e616d657c733a31323a22496e73757265416672696b61223b6d6573736167657c733a32343a225461736b20656469746564207375636365737366756c6c79223b5f5f63695f766172737c613a313a7b733a373a226d657373616765223b733a333a226f6c64223b7d),
('d7968c4aad804d2fd0c259ab55fea1e8aba097ae', '::1', 1449474905, 0x5f5f63695f6c6173745f726567656e65726174657c693a313434393437343835393b6964656e746974797c733a32353a226d6174746865776f6b7573696d626140676d61696c2e636f6d223b656d61696c7c733a32353a226d6174746865776f6b7573696d626140676d61696c2e636f6d223b757365725f69647c733a313a2231223b6f6c645f6c6173745f6c6f67696e7c733a31303a2231343439343134393836223b66697273745f6e616d657c733a373a224d617474686577223b70686f6e657c733a31303a2230373234393833363136223b6f7267616e697a6174696f6e49647c733a313a2232223b6f7267616e697a6174696f6e4e616d657c733a31323a22496e73757265416672696b61223b),
('d9351bc3c58d39e50ffd382c47a5c166bee04cb8', '::1', 1449424142, 0x5f5f63695f6c6173745f726567656e65726174657c693a313434393432343037313b6964656e746974797c733a32353a226d6174746865776f6b7573696d626140676d61696c2e636f6d223b656d61696c7c733a32353a226d6174746865776f6b7573696d626140676d61696c2e636f6d223b757365725f69647c733a313a2231223b6f6c645f6c6173745f6c6f67696e7c733a31303a2231343439333930313833223b66697273745f6e616d657c733a373a224d617474686577223b70686f6e657c733a31303a2230373234393833363136223b6f7267616e697a6174696f6e49647c733a313a2232223b6f7267616e697a6174696f6e4e616d657c733a31323a22496e73757265416672696b61223b6d6573736167657c733a32373a22436f6e7461637420656469746564207375636365737366756c6c79223b5f5f63695f766172737c613a313a7b733a373a226d657373616765223b733a333a226f6c64223b7d),
('d9fe7c146651f58e7fa13dc86461d5ef6bb1a953', '::1', 1449399782, 0x5f5f63695f6c6173745f726567656e65726174657c693a313434393339393738313b6964656e746974797c733a32353a226d6174746865776f6b7573696d626140676d61696c2e636f6d223b656d61696c7c733a32353a226d6174746865776f6b7573696d626140676d61696c2e636f6d223b757365725f69647c733a313a2231223b6f6c645f6c6173745f6c6f67696e7c733a31303a2231343439333032383733223b66697273745f6e616d657c733a373a224d617474686577223b70686f6e657c733a31303a2230373234393833363136223b6f7267616e697a6174696f6e49647c733a313a2232223b6f7267616e697a6174696f6e4e616d657c733a31323a22496e73757265416672696b61223b6d6573736167657c733a32343a225461736b20656469746564207375636365737366756c6c79223b5f5f63695f766172737c613a313a7b733a373a226d657373616765223b733a333a226f6c64223b7d),
('de7a7081187f2e1ec5afdb44f56fcd0eabb22948', '::1', 1449400143, 0x5f5f63695f6c6173745f726567656e65726174657c693a313434393430303134323b6964656e746974797c733a32353a226d6174746865776f6b7573696d626140676d61696c2e636f6d223b656d61696c7c733a32353a226d6174746865776f6b7573696d626140676d61696c2e636f6d223b757365725f69647c733a313a2231223b6f6c645f6c6173745f6c6f67696e7c733a31303a2231343439333032383733223b66697273745f6e616d657c733a373a224d617474686577223b70686f6e657c733a31303a2230373234393833363136223b6f7267616e697a6174696f6e49647c733a313a2232223b6f7267616e697a6174696f6e4e616d657c733a31323a22496e73757265416672696b61223b),
('e18582062d8baa1e5701e916ba474775c7a5aad0', '::1', 1449417501, 0x5f5f63695f6c6173745f726567656e65726174657c693a313434393431373139333b6964656e746974797c733a32353a226d6174746865776f6b7573696d626140676d61696c2e636f6d223b656d61696c7c733a32353a226d6174746865776f6b7573696d626140676d61696c2e636f6d223b757365725f69647c733a313a2231223b6f6c645f6c6173745f6c6f67696e7c733a31303a2231343439333930313833223b66697273745f6e616d657c733a373a224d617474686577223b70686f6e657c733a31303a2230373234393833363136223b6f7267616e697a6174696f6e49647c733a313a2232223b6f7267616e697a6174696f6e4e616d657c733a31323a22496e73757265416672696b61223b6d6573736167657c733a33323a224f70706f7274756e6974792063726561746564207375636365737366756c6c79223b5f5f63695f766172737c613a313a7b733a373a226d657373616765223b733a333a226e6577223b7d),
('e999748d9d5bce533fed57ca58ca518d5b8bc30a', '::1', 1449416983, 0x5f5f63695f6c6173745f726567656e65726174657c693a313434393431363832383b6964656e746974797c733a32353a226d6174746865776f6b7573696d626140676d61696c2e636f6d223b656d61696c7c733a32353a226d6174746865776f6b7573696d626140676d61696c2e636f6d223b757365725f69647c733a313a2231223b6f6c645f6c6173745f6c6f67696e7c733a31303a2231343439333930313833223b66697273745f6e616d657c733a373a224d617474686577223b70686f6e657c733a31303a2230373234393833363136223b6f7267616e697a6174696f6e49647c733a313a2232223b6f7267616e697a6174696f6e4e616d657c733a31323a22496e73757265416672696b61223b),
('eb3ef66e1dbe4a524c741183ed3bbbb9d585db36', '::1', 1449418379, 0x5f5f63695f6c6173745f726567656e65726174657c693a313434393431383332323b6964656e746974797c733a32353a226d6174746865776f6b7573696d626140676d61696c2e636f6d223b656d61696c7c733a32353a226d6174746865776f6b7573696d626140676d61696c2e636f6d223b757365725f69647c733a313a2231223b6f6c645f6c6173745f6c6f67696e7c733a31303a2231343439333930313833223b66697273745f6e616d657c733a373a224d617474686577223b70686f6e657c733a31303a2230373234393833363136223b6f7267616e697a6174696f6e49647c733a313a2232223b6f7267616e697a6174696f6e4e616d657c733a31323a22496e73757265416672696b61223b),
('ec9e842403c5a66a7cddf0b17b0e3fa3d0f88763', '::1', 1449421111, 0x5f5f63695f6c6173745f726567656e65726174657c693a313434393432303832383b6964656e746974797c733a32353a226d6174746865776f6b7573696d626140676d61696c2e636f6d223b656d61696c7c733a32353a226d6174746865776f6b7573696d626140676d61696c2e636f6d223b757365725f69647c733a313a2231223b6f6c645f6c6173745f6c6f67696e7c733a31303a2231343439333930313833223b66697273745f6e616d657c733a373a224d617474686577223b70686f6e657c733a31303a2230373234393833363136223b6f7267616e697a6174696f6e49647c733a313a2232223b6f7267616e697a6174696f6e4e616d657c733a31323a22496e73757265416672696b61223b),
('edcf5b6e6395ad13aa6d248e33ed2d27ccc1826f', '::1', 1449736639, 0x5f5f63695f6c6173745f726567656e65726174657c693a313434393733363436353b6964656e746974797c733a32353a226d6174746865776f6b7573696d626140676d61696c2e636f6d223b656d61696c7c733a32353a226d6174746865776f6b7573696d626140676d61696c2e636f6d223b757365725f69647c733a313a2231223b6f6c645f6c6173745f6c6f67696e7c733a31303a2231343439353730323837223b66697273745f6e616d657c733a373a224d617474686577223b70686f6e657c733a31303a2230373234393833363136223b6f7267616e697a6174696f6e49647c733a313a2232223b6f7267616e697a6174696f6e4e616d657c733a31323a22496e73757265416672696b61223b),
('ee7ca37f2f7a45be907417dd68d409b3828401b7', '::1', 1449496312, 0x5f5f63695f6c6173745f726567656e65726174657c693a313434393439363132363b6964656e746974797c733a32353a226d6174746865776f6b7573696d626140676d61696c2e636f6d223b656d61696c7c733a32353a226d6174746865776f6b7573696d626140676d61696c2e636f6d223b757365725f69647c733a313a2231223b6f6c645f6c6173745f6c6f67696e7c733a31303a2231343439343734383539223b66697273745f6e616d657c733a373a224d617474686577223b70686f6e657c733a31303a2230373234393833363136223b6f7267616e697a6174696f6e49647c733a313a2232223b6f7267616e697a6174696f6e4e616d657c733a31323a22496e73757265416672696b61223b),
('efe047567c03e39d171b461094463f384707a143', '::1', 1449394991, 0x5f5f63695f6c6173745f726567656e65726174657c693a313434393339343939313b6964656e746974797c733a32353a226d6174746865776f6b7573696d626140676d61696c2e636f6d223b656d61696c7c733a32353a226d6174746865776f6b7573696d626140676d61696c2e636f6d223b757365725f69647c733a313a2231223b6f6c645f6c6173745f6c6f67696e7c733a31303a2231343439333032383733223b66697273745f6e616d657c733a373a224d617474686577223b70686f6e657c733a31303a2230373234393833363136223b6f7267616e697a6174696f6e49647c733a313a2232223b6f7267616e697a6174696f6e4e616d657c733a31323a22496e73757265416672696b61223b),
('f070adeac9a5cb4e7a0beac3e421d71c38744b0d', '::1', 1449425569, 0x5f5f63695f6c6173745f726567656e65726174657c693a313434393432353533303b6964656e746974797c733a32353a226d6174746865776f6b7573696d626140676d61696c2e636f6d223b656d61696c7c733a32353a226d6174746865776f6b7573696d626140676d61696c2e636f6d223b757365725f69647c733a313a2231223b6f6c645f6c6173745f6c6f67696e7c733a31303a2231343439333930313833223b66697273745f6e616d657c733a373a224d617474686577223b70686f6e657c733a31303a2230373234393833363136223b6f7267616e697a6174696f6e49647c733a313a2232223b6f7267616e697a6174696f6e4e616d657c733a31323a22496e73757265416672696b61223b),
('f18d583ff8433a8ac3a6213410df8e4d96270062', '::1', 1449573425, 0x5f5f63695f6c6173745f726567656e65726174657c693a313434393537333139323b6964656e746974797c733a32353a226d6174746865776f6b7573696d626140676d61696c2e636f6d223b656d61696c7c733a32353a226d6174746865776f6b7573696d626140676d61696c2e636f6d223b757365725f69647c733a313a2231223b6f6c645f6c6173745f6c6f67696e7c733a31303a2231343439353631373037223b66697273745f6e616d657c733a373a224d617474686577223b70686f6e657c733a31303a2230373234393833363136223b6f7267616e697a6174696f6e49647c733a313a2232223b6f7267616e697a6174696f6e4e616d657c733a31323a22496e73757265416672696b61223b),
('f59aa9da9882c496ccc2aa2f2b990c81f547a9bd', '::1', 1450344120, 0x5f5f63695f6c6173745f726567656e65726174657c693a313435303334343037393b6964656e746974797c733a32353a226d6174746865776f6b7573696d626140676d61696c2e636f6d223b656d61696c7c733a32353a226d6174746865776f6b7573696d626140676d61696c2e636f6d223b757365725f69647c733a313a2231223b6f6c645f6c6173745f6c6f67696e7c733a31303a2231343530313839313933223b66697273745f6e616d657c733a373a224d617474686577223b70686f6e657c733a31303a2230373234393833363136223b6f7267616e697a6174696f6e49647c733a313a2232223b6f7267616e697a6174696f6e4e616d657c733a31323a22496e73757265416672696b61223b),
('f5fff43f34fcf3ba8a3b7d4771e78fa72aae5686', '::1', 1449580523, 0x5f5f63695f6c6173745f726567656e65726174657c693a313434393538303237323b6964656e746974797c733a32353a226d6174746865776f6b7573696d626140676d61696c2e636f6d223b656d61696c7c733a32353a226d6174746865776f6b7573696d626140676d61696c2e636f6d223b757365725f69647c733a313a2231223b6f6c645f6c6173745f6c6f67696e7c733a31303a2231343439353631373037223b66697273745f6e616d657c733a373a224d617474686577223b70686f6e657c733a31303a2230373234393833363136223b6f7267616e697a6174696f6e49647c733a313a2232223b6f7267616e697a6174696f6e4e616d657c733a31323a22496e73757265416672696b61223b),
('fc50d4bee9dc09b1382f3f5d2ddb37d6c57364bf', '::1', 1449308549, 0x5f5f63695f6c6173745f726567656e65726174657c693a313434393330333437313b6964656e746974797c733a32353a226d6174746865776f6b7573696d626140676d61696c2e636f6d223b656d61696c7c733a32353a226d6174746865776f6b7573696d626140676d61696c2e636f6d223b757365725f69647c733a313a2231223b6f6c645f6c6173745f6c6f67696e7c733a31303a2231343439323235363535223b66697273745f6e616d657c733a373a224d617474686577223b70686f6e657c733a31303a2230373234393833363136223b6f7267616e697a6174696f6e49647c733a313a2232223b6f7267616e697a6174696f6e4e616d657c733a31323a22496e73757265416672696b61223b),
('ff1480250a143e462b74cf5f39480366c5acdf3c', '::1', 1449561721, 0x6964656e746974797c733a32353a226d6174746865776f6b7573696d626140676d61696c2e636f6d223b656d61696c7c733a32353a226d6174746865776f6b7573696d626140676d61696c2e636f6d223b757365725f69647c733a313a2231223b6f6c645f6c6173745f6c6f67696e7c733a31303a2231343439343931323530223b66697273745f6e616d657c733a373a224d617474686577223b70686f6e657c733a31303a2230373234393833363136223b6f7267616e697a6174696f6e49647c733a313a2232223b6f7267616e697a6174696f6e4e616d657c733a31323a22496e73757265416672696b61223b6d6573736167657c733a33313a224f70706f7274756e69747920656469746564207375636365737366756c6c79223b5f5f63695f766172737c613a313a7b733a373a226d657373616765223b733a333a226f6c64223b7d5f5f63695f6c6173745f726567656e65726174657c693a313434393536313732313b),
('ff7a9410f1f617fdc4e63a6c21afcb0ffbb8d0de', '::1', 1449419876, 0x5f5f63695f6c6173745f726567656e65726174657c693a313434393431393538393b6964656e746974797c733a32353a226d6174746865776f6b7573696d626140676d61696c2e636f6d223b656d61696c7c733a32353a226d6174746865776f6b7573696d626140676d61696c2e636f6d223b757365725f69647c733a313a2231223b6f6c645f6c6173745f6c6f67696e7c733a31303a2231343439333930313833223b66697273745f6e616d657c733a373a224d617474686577223b70686f6e657c733a31303a2230373234393833363136223b6f7267616e697a6174696f6e49647c733a313a2232223b6f7267616e697a6174696f6e4e616d657c733a31323a22496e73757265416672696b61223b);

-- --------------------------------------------------------

--
-- Table structure for table `emails_attachments`
--

CREATE TABLE IF NOT EXISTS `emails_attachments` (
`attachment_id` int(11) NOT NULL,
  `attachment_name` varchar(255) NOT NULL,
  `attachment_filename` varchar(255) NOT NULL,
  `attachment_date` datetime NOT NULL,
  `attachment_author` int(11) NOT NULL
) ENGINE=InnoDB  DEFAULT CHARSET=latin1 AUTO_INCREMENT=16 ;

--
-- Dumping data for table `emails_attachments`
--

INSERT INTO `emails_attachments` (`attachment_id`, `attachment_name`, `attachment_filename`, `attachment_date`, `attachment_author`) VALUES
(1, '20150305183724-motivation-silhouette-stading-city-inspiration-shawdow-artsy.jpeg', '1450343120-20150305183724-motivation-silhouette-stading-city-inspiration-shawdow-artsy.jpeg', '2015-12-17 12:05:20', 1),
(2, 'Demo image.jpg', '1450343156-Demo image.jpg', '2015-12-17 12:05:56', 1),
(3, 'ADMISSIONHANDBOOKFINAL.pdf', '1450344108-ADMISSIONHANDBOOKFINAL.pdf', '2015-12-17 12:21:48', 1),
(4, 'Demo image.jpg', '1450344120-Demo image.jpg', '2015-12-17 12:22:00', 1),
(5, 'Demo image.jpg', '1450348680-Demo image.jpg', '2015-12-17 13:38:00', 1),
(6, '20150305183724-motivation-silhouette-stading-city-inspiration-shawdow-artsy.jpeg', '1450348691-20150305183724-motivation-silhouette-stading-city-inspiration-shawdow-artsy.jpeg', '2015-12-17 13:38:11', 1),
(7, '20150305183724-motivation-silhouette-stading-city-inspiration-shawdow-artsy.jpeg', '1450355079-20150305183724-motivation-silhouette-stading-city-inspiration-shawdow-artsy.jpeg', '2015-12-17 15:24:39', 1),
(8, 'Demo image.jpg', '1450355104-Demo image.jpg', '2015-12-17 15:25:04', 1),
(9, '20150305183724-motivation-silhouette-stading-city-inspiration-shawdow-artsy.jpeg', '1450356066-20150305183724-motivation-silhouette-stading-city-inspiration-shawdow-artsy.jpeg', '2015-12-17 15:41:06', 1),
(10, 'Demo image.jpg', '1450356090-Demo image.jpg', '2015-12-17 15:41:30', 1),
(11, '20150305183724-motivation-silhouette-stading-city-inspiration-shawdow-artsy.jpeg', '1450357603-20150305183724-motivation-silhouette-stading-city-inspiration-shawdow-artsy.jpeg', '2015-12-17 16:06:43', 1),
(12, '20150305183724-motivation-silhouette-stading-city-inspiration-shawdow-artsy.jpeg', '1450358041-20150305183724-motivation-silhouette-stading-city-inspiration-shawdow-artsy.jpeg', '2015-12-17 16:14:01', 1),
(13, 'Demo image.jpg', '1450358048-Demo image.jpg', '2015-12-17 16:14:08', 1),
(14, '20150305183724-motivation-silhouette-stading-city-inspiration-shawdow-artsy.jpeg', '1450358597-20150305183724-motivation-silhouette-stading-city-inspiration-shawdow-artsy.jpeg', '2015-12-17 16:23:17', 1),
(15, 'ADMISSIONHANDBOOKFINAL.pdf', '1450358604-ADMISSIONHANDBOOKFINAL.pdf', '2015-12-17 16:23:24', 1);

-- --------------------------------------------------------

--
-- Table structure for table `groups`
--

CREATE TABLE IF NOT EXISTS `groups` (
`id` mediumint(8) unsigned NOT NULL,
  `name` varchar(20) NOT NULL,
  `description` varchar(100) NOT NULL
) ENGINE=InnoDB  DEFAULT CHARSET=utf8 AUTO_INCREMENT=3 ;

--
-- Dumping data for table `groups`
--

INSERT INTO `groups` (`id`, `name`, `description`) VALUES
(1, 'admin', 'Administrator'),
(2, 'members', 'General User');

-- --------------------------------------------------------

--
-- Table structure for table `leads`
--

CREATE TABLE IF NOT EXISTS `leads` (
`lead_id` int(11) NOT NULL,
  `lead_title` varchar(255) NOT NULL,
  `lead_source` varchar(255) DEFAULT NULL,
  `organization_id` int(11) NOT NULL,
  `lead_status` int(11) NOT NULL,
  `creation_date` datetime NOT NULL,
  `lead_author` int(11) NOT NULL
) ENGINE=InnoDB  DEFAULT CHARSET=latin1 AUTO_INCREMENT=17 ;

--
-- Dumping data for table `leads`
--

INSERT INTO `leads` (`lead_id`, `lead_title`, `lead_source`, `organization_id`, `lead_status`, `creation_date`, `lead_author`) VALUES
(10, 'Test2', 'Website', 2, 12, '2015-12-01 07:41:07', 1),
(11, 'John Doe', 'Website', 2, 12, '2015-12-02 13:21:20', 1),
(12, 'Apex Steel', 'Website', 2, 12, '2015-12-02 13:23:17', 1),
(16, 'George Njuguna', 'Website', 2, 16, '2015-12-03 13:16:03', 1);

-- --------------------------------------------------------

--
-- Table structure for table `leads_activities`
--

CREATE TABLE IF NOT EXISTS `leads_activities` (
`activity_id` int(11) NOT NULL,
  `lead_id` int(11) NOT NULL,
  `activity` text NOT NULL,
  `activity_date` datetime NOT NULL,
  `activity_author` int(11) NOT NULL
) ENGINE=InnoDB  DEFAULT CHARSET=latin1 AUTO_INCREMENT=6 ;

--
-- Dumping data for table `leads_activities`
--

INSERT INTO `leads_activities` (`activity_id`, `lead_id`, `activity`, `activity_date`, `activity_author`) VALUES
(1, 16, 'Created Manually', '2015-12-03 13:16:03', 1),
(2, 16, 'Status changed from <span class="label label-default">Potential</span> &rarr; <span class="label label-default">Interested</span>', '2015-12-05 11:12:45', 1),
(3, 16, 'Status changed from <span class="label label-default">Interested</span> &rarr; <span class="label label-default">Qualified</span>', '2015-12-05 11:13:24', 1),
(4, 16, 'Status changed from <span class="label label-default">Qualified</span> &rarr; <span class="label label-default">Potential</span>', '2015-12-05 11:13:31', 1),
(5, 16, 'Status changed from <span class="label label-default">Potential</span> &rarr; <span class="label label-default">Interested</span>', '2015-12-07 10:54:45', 1);

-- --------------------------------------------------------

--
-- Table structure for table `leads_calls`
--

CREATE TABLE IF NOT EXISTS `leads_calls` (
`call_id` int(11) NOT NULL,
  `lead_id` int(11) NOT NULL,
  `call_text` text NOT NULL,
  `call_contact` int(11) NOT NULL,
  `call_author` int(11) NOT NULL,
  `call_logdate` datetime NOT NULL
) ENGINE=InnoDB  DEFAULT CHARSET=utf8 AUTO_INCREMENT=3 ;

--
-- Dumping data for table `leads_calls`
--

INSERT INTO `leads_calls` (`call_id`, `lead_id`, `call_text`, `call_contact`, `call_author`, `call_logdate`) VALUES
(1, 16, 'Test Call', 20, 1, '2015-12-04 15:43:30'),
(2, 16, '', 20, 1, '2015-12-04 16:15:36');

-- --------------------------------------------------------

--
-- Table structure for table `leads_contacts`
--

CREATE TABLE IF NOT EXISTS `leads_contacts` (
`id` int(11) NOT NULL,
  `lead_id` int(11) NOT NULL,
  `contact_first_name` varchar(255) NOT NULL,
  `contact_last_name` varchar(255) NOT NULL,
  `contact_position` varchar(255) NOT NULL,
  `contact_email` varchar(100) NOT NULL,
  `contact_phone` varchar(100) NOT NULL,
  `contact_author` int(11) NOT NULL
) ENGINE=InnoDB  DEFAULT CHARSET=latin1 AUTO_INCREMENT=22 ;

--
-- Dumping data for table `leads_contacts`
--

INSERT INTO `leads_contacts` (`id`, `lead_id`, `contact_first_name`, `contact_last_name`, `contact_position`, `contact_email`, `contact_phone`, `contact_author`) VALUES
(10, 10, 'John', 'Doe', '', '', '', 1),
(11, 10, 'Mary', 'Doe', '', '', '', 1),
(12, 10, 'Catherine', 'Jones', 'Sales Representative', 'catherine@test.com', '0722000000', 1),
(13, 10, 'Elizabeth', '', 'Manager', '', '', 1),
(14, 11, 'John', 'Doe', '', '', '', 1),
(15, 12, 'Bharat', '', '', '', '', 1),
(16, 12, 'Gagan', '', 'Director', 'test@gmail.com', '0722000000', 1),
(17, 13, 'George', 'Njuguna', '', '', '', 1),
(18, 14, 'George', 'Njuguna', '', '', '', 1),
(19, 15, 'George', 'Njuguna', '', '', '', 1),
(21, 16, 'George', 'Njuguna', 'Manager', 'matthew@insureafrika.com', '', 1);

-- --------------------------------------------------------

--
-- Table structure for table `leads_emails`
--

CREATE TABLE IF NOT EXISTS `leads_emails` (
`email_id` int(11) NOT NULL,
  `lead_id` int(11) NOT NULL,
  `email_from` varchar(255) NOT NULL,
  `email_to` varchar(255) NOT NULL,
  `email_cc` varchar(255) NOT NULL,
  `email_bcc` varchar(255) NOT NULL,
  `email_subject` varchar(255) NOT NULL,
  `email_body` text NOT NULL,
  `email_attachments` varchar(100) NOT NULL,
  `email_author` int(11) NOT NULL,
  `email_date` datetime NOT NULL,
  `email_status` enum('Draft','Sent') NOT NULL DEFAULT 'Draft'
) ENGINE=InnoDB  DEFAULT CHARSET=latin1 AUTO_INCREMENT=3 ;

--
-- Dumping data for table `leads_emails`
--

INSERT INTO `leads_emails` (`email_id`, `lead_id`, `email_from`, `email_to`, `email_cc`, `email_bcc`, `email_subject`, `email_body`, `email_attachments`, `email_author`, `email_date`, `email_status`) VALUES
(1, 16, 'matthew@insureafrika.com', 'george@gmail.com,matthewokusimba@gmail.com', '', '', 'Test', 'Test body<br>', '13', 1, '2015-12-17 16:14:28', 'Draft'),
(2, 16, 'matthew@insureafrika.com', 'george@gmail.com', '', '', 'Test Subject', 'Test Body<br>', '14, 15', 1, '2015-12-17 16:46:24', 'Draft');

-- --------------------------------------------------------

--
-- Table structure for table `leads_notes`
--

CREATE TABLE IF NOT EXISTS `leads_notes` (
`note_id` int(11) NOT NULL,
  `lead_id` int(11) NOT NULL,
  `note_text` varchar(255) NOT NULL,
  `note_author` int(11) NOT NULL,
  `note_createdate` datetime NOT NULL
) ENGINE=InnoDB  DEFAULT CHARSET=latin1 AUTO_INCREMENT=6 ;

--
-- Dumping data for table `leads_notes`
--

INSERT INTO `leads_notes` (`note_id`, `lead_id`, `note_text`, `note_author`, `note_createdate`) VALUES
(1, 10, 'Getting Your Lead Data into Close.ioBrowse through the sample leads we created for you. You''ll learn how calls, emails, notes, tasks and opportunities are presented in the system.To see the real power of Close.io, import your own data and see how ', 1, '2015-12-02 16:51:13'),
(3, 16, 'test note', 1, '2015-12-03 17:23:10'),
(4, 16, 'Lorem ipsum dolor sit amet, is nisi ut aliquip ex ea commodo consectetur adipi sicing elit, sed do eiusmod tempor incididu ut labore et is nisi ut aliquip ex ea commodo dolore magna aliqua. Ut enim ad minim veniam, quis nostrud exetation ullamco laboris n', 1, '2015-12-04 14:23:56'),
(5, 16, 'Lorem ipsum dolor sit amet, is nisi ut aliquip ex ea commodo consectetur adipi sicing elit, sed do eiusmod tempor incididu ut labore et is nisi ut aliquip ex ea commodo dolore magna aliqua. Ut enim ad minim veniam, quis nostrud exetation ullamco laboris n', 1, '2015-12-04 15:18:10');

-- --------------------------------------------------------

--
-- Table structure for table `leads_opportunities`
--

CREATE TABLE IF NOT EXISTS `leads_opportunities` (
`opportunity_id` int(11) NOT NULL,
  `lead_id` int(11) NOT NULL,
  `opportunity_status` int(11) NOT NULL,
  `opportunity_confidence` int(11) NOT NULL,
  `opportunity_value` int(11) NOT NULL,
  `opportunity_closedate` datetime DEFAULT NULL,
  `opportunity_contact` int(11) NOT NULL,
  `opportunity_assignee` int(11) NOT NULL,
  `opportunity_assigner` int(11) NOT NULL,
  `opportunity_comments` text NOT NULL
) ENGINE=InnoDB  DEFAULT CHARSET=utf8 AUTO_INCREMENT=6 ;

--
-- Dumping data for table `leads_opportunities`
--

INSERT INTO `leads_opportunities` (`opportunity_id`, `lead_id`, `opportunity_status`, `opportunity_confidence`, `opportunity_value`, `opportunity_closedate`, `opportunity_contact`, `opportunity_assignee`, `opportunity_assigner`, `opportunity_comments`) VALUES
(1, 10, 18, 50, 10000, '2015-12-16 11:29:00', 10, 1, 1, 'This is a comment'),
(2, 10, 18, 50, 200000, '2015-12-24 11:42:00', 0, 1, 1, ''),
(3, 12, 18, 50, 200000, '2015-12-24 13:24:00', 15, 2, 1, 'Very Interested in meeting at the site'),
(5, 16, 18, 20, 60000, '2015-12-22 18:58:00', 21, 1, 1, 'This is a test also');

-- --------------------------------------------------------

--
-- Table structure for table `leads_tasks`
--

CREATE TABLE IF NOT EXISTS `leads_tasks` (
`task_id` int(11) NOT NULL,
  `lead_id` int(11) NOT NULL,
  `task_title` varchar(255) NOT NULL,
  `task_duedate` datetime NOT NULL,
  `task_assignee` int(11) NOT NULL,
  `task_assigner` int(11) NOT NULL,
  `task_status` int(11) NOT NULL
) ENGINE=InnoDB  DEFAULT CHARSET=utf8 AUTO_INCREMENT=12 ;

--
-- Dumping data for table `leads_tasks`
--

INSERT INTO `leads_tasks` (`task_id`, `lead_id`, `task_title`, `task_duedate`, `task_assignee`, `task_assigner`, `task_status`) VALUES
(5, 10, 'Follow Up', '2015-12-02 14:33:00', 1, 1, 1),
(6, 10, 'Call the client', '2015-12-03 15:39:00', 2, 1, 0),
(7, 12, 'Meeting', '2015-12-17 13:24:00', 2, 1, 1),
(8, 12, 'Site Visit', '2015-12-09 13:27:00', 2, 1, 0),
(9, 16, 'Send George Email Send George Email', '2015-12-07 13:39:00', 4, 1, 0),
(11, 16, 'Meeting with George at kempinski', '2015-12-08 18:24:00', 1, 1, 0);

-- --------------------------------------------------------

--
-- Table structure for table `login_attempts`
--

CREATE TABLE IF NOT EXISTS `login_attempts` (
`id` int(11) unsigned NOT NULL,
  `ip_address` varchar(15) NOT NULL,
  `login` varchar(100) NOT NULL,
  `time` int(11) unsigned DEFAULT NULL
) ENGINE=InnoDB DEFAULT CHARSET=utf8 AUTO_INCREMENT=1 ;

-- --------------------------------------------------------

--
-- Table structure for table `organizations`
--

CREATE TABLE IF NOT EXISTS `organizations` (
`organization_id` int(11) NOT NULL,
  `organization_title` varchar(255) NOT NULL
) ENGINE=InnoDB  DEFAULT CHARSET=latin1 AUTO_INCREMENT=8 ;

--
-- Dumping data for table `organizations`
--

INSERT INTO `organizations` (`organization_id`, `organization_title`) VALUES
(2, 'InsureAfrika'),
(3, 'Nirbhau Group'),
(4, 'Test'),
(5, 'NANOTECH'),
(6, 'Test2'),
(7, 'Book123');

-- --------------------------------------------------------

--
-- Table structure for table `status`
--

CREATE TABLE IF NOT EXISTS `status` (
`status_id` int(11) NOT NULL,
  `organization_id` int(11) NOT NULL,
  `status_title` varchar(255) NOT NULL,
  `status_type` varchar(255) DEFAULT NULL,
  `status_category` varchar(255) NOT NULL,
  `sort` int(11) NOT NULL
) ENGINE=InnoDB  DEFAULT CHARSET=latin1 AUTO_INCREMENT=22 ;

--
-- Dumping data for table `status`
--

INSERT INTO `status` (`status_id`, `organization_id`, `status_title`, `status_type`, `status_category`, `sort`) VALUES
(12, 2, 'Potential', NULL, 'Leads', 0),
(16, 2, 'Interested', NULL, 'Leads', 0),
(18, 2, 'Active', 'active', 'Opportunities', 0),
(19, 2, 'Won', 'won', 'Opportunities', 0),
(20, 2, 'Lost', 'lost', 'Opportunities', 0),
(21, 2, 'Qualified', NULL, 'Leads', 0);

-- --------------------------------------------------------

--
-- Table structure for table `users`
--

CREATE TABLE IF NOT EXISTS `users` (
`id` int(11) unsigned NOT NULL,
  `ip_address` varchar(15) NOT NULL,
  `username` varchar(100) DEFAULT NULL,
  `password` varchar(255) NOT NULL,
  `salt` varchar(255) DEFAULT NULL,
  `email` varchar(100) NOT NULL,
  `activation_code` varchar(40) DEFAULT NULL,
  `forgotten_password_code` varchar(40) DEFAULT NULL,
  `forgotten_password_time` int(11) unsigned DEFAULT NULL,
  `remember_code` varchar(40) DEFAULT NULL,
  `created_on` int(11) unsigned NOT NULL,
  `last_login` int(11) unsigned DEFAULT NULL,
  `active` tinyint(1) unsigned DEFAULT NULL,
  `first_name` varchar(50) DEFAULT NULL,
  `last_name` varchar(50) DEFAULT NULL,
  `company` varchar(100) DEFAULT NULL,
  `phone` varchar(20) DEFAULT NULL
) ENGINE=InnoDB  DEFAULT CHARSET=utf8 AUTO_INCREMENT=5 ;

--
-- Dumping data for table `users`
--

INSERT INTO `users` (`id`, `ip_address`, `username`, `password`, `salt`, `email`, `activation_code`, `forgotten_password_code`, `forgotten_password_time`, `remember_code`, `created_on`, `last_login`, `active`, `first_name`, `last_name`, `company`, `phone`) VALUES
(1, '127.0.0.1', 'admin', '$2y$08$2hY8uJ3wvkLwRcpHrnd/yef7c3AIgkpvlbaE7nqng1hi3El4nbrMu', '', 'matthewokusimba@gmail.com', '', NULL, NULL, 'hPIIIYQ9uu8h7QSa9miwuu', 1268889823, 1452505870, 1, 'Matthew', 'Admin', 'ADMIN', '0724983616'),
(2, '::1', NULL, '$2y$08$Q9DaLIm3sKJcE0TTftfQTO7OjtEVBDVyGiJgXISMpXiKyrTYmJvFW', NULL, 'myuniverse@mailinator.com', NULL, NULL, NULL, 'rBRlICkBOJxfqewlyZLDpe', 1446285118, 1446634168, 1, 'Matthew', 'M', 'Test', '0722000000'),
(3, '::1', NULL, '$2y$08$wZAJlnkowGICdWZ/PgmYO.MvbrdCL698bgkMsDFVNaWfyfSoEZ.vm', NULL, 'johndoe@core.co.ke', NULL, NULL, NULL, NULL, 1448881299, NULL, 1, 'John', 'Doe', NULL, '0722000000'),
(4, '::1', NULL, '$2y$08$0/8Axot5UdZGCkeEEDiNqOIV3i0skrlU2vTvF2hUdgm3DXQZRgBsy', NULL, 'gagandeephayer@gmail.com', NULL, NULL, NULL, NULL, 1449052237, NULL, 1, 'Gagan', 'Hayer', NULL, '1111111111');

-- --------------------------------------------------------

--
-- Table structure for table `users_groups`
--

CREATE TABLE IF NOT EXISTS `users_groups` (
`id` int(11) unsigned NOT NULL,
  `user_id` int(11) unsigned NOT NULL,
  `group_id` mediumint(8) unsigned NOT NULL
) ENGINE=InnoDB  DEFAULT CHARSET=utf8 AUTO_INCREMENT=9 ;

--
-- Dumping data for table `users_groups`
--

INSERT INTO `users_groups` (`id`, `user_id`, `group_id`) VALUES
(4, 1, 1),
(5, 1, 2),
(6, 2, 2),
(7, 3, 2),
(8, 4, 2);

-- --------------------------------------------------------

--
-- Table structure for table `users_organizations`
--

CREATE TABLE IF NOT EXISTS `users_organizations` (
`id` int(11) unsigned NOT NULL,
  `user_id` int(11) unsigned NOT NULL,
  `organization_id` int(11) NOT NULL
) ENGINE=InnoDB  DEFAULT CHARSET=latin1 AUTO_INCREMENT=8 ;

--
-- Dumping data for table `users_organizations`
--

INSERT INTO `users_organizations` (`id`, `user_id`, `organization_id`) VALUES
(2, 1, 2),
(6, 1, 3),
(5, 2, 2),
(7, 4, 2);

--
-- Indexes for dumped tables
--

--
-- Indexes for table `ci_sessions`
--
ALTER TABLE `ci_sessions`
 ADD PRIMARY KEY (`id`,`ip_address`), ADD KEY `ci_sessions_timestamp` (`timestamp`);

--
-- Indexes for table `emails_attachments`
--
ALTER TABLE `emails_attachments`
 ADD PRIMARY KEY (`attachment_id`);

--
-- Indexes for table `groups`
--
ALTER TABLE `groups`
 ADD PRIMARY KEY (`id`);

--
-- Indexes for table `leads`
--
ALTER TABLE `leads`
 ADD PRIMARY KEY (`lead_id`);

--
-- Indexes for table `leads_activities`
--
ALTER TABLE `leads_activities`
 ADD PRIMARY KEY (`activity_id`);

--
-- Indexes for table `leads_calls`
--
ALTER TABLE `leads_calls`
 ADD PRIMARY KEY (`call_id`);

--
-- Indexes for table `leads_contacts`
--
ALTER TABLE `leads_contacts`
 ADD PRIMARY KEY (`id`);

--
-- Indexes for table `leads_emails`
--
ALTER TABLE `leads_emails`
 ADD PRIMARY KEY (`email_id`);

--
-- Indexes for table `leads_notes`
--
ALTER TABLE `leads_notes`
 ADD PRIMARY KEY (`note_id`);

--
-- Indexes for table `leads_opportunities`
--
ALTER TABLE `leads_opportunities`
 ADD PRIMARY KEY (`opportunity_id`);

--
-- Indexes for table `leads_tasks`
--
ALTER TABLE `leads_tasks`
 ADD PRIMARY KEY (`task_id`);

--
-- Indexes for table `login_attempts`
--
ALTER TABLE `login_attempts`
 ADD PRIMARY KEY (`id`);

--
-- Indexes for table `organizations`
--
ALTER TABLE `organizations`
 ADD PRIMARY KEY (`organization_id`);

--
-- Indexes for table `status`
--
ALTER TABLE `status`
 ADD PRIMARY KEY (`status_id`);

--
-- Indexes for table `users`
--
ALTER TABLE `users`
 ADD PRIMARY KEY (`id`), ADD UNIQUE KEY `email` (`email`), ADD UNIQUE KEY `username` (`username`);

--
-- Indexes for table `users_groups`
--
ALTER TABLE `users_groups`
 ADD PRIMARY KEY (`id`), ADD UNIQUE KEY `uc_users_groups` (`user_id`,`group_id`), ADD KEY `fk_users_groups_users1_idx` (`user_id`), ADD KEY `fk_users_groups_groups1_idx` (`group_id`);

--
-- Indexes for table `users_organizations`
--
ALTER TABLE `users_organizations`
 ADD PRIMARY KEY (`id`), ADD UNIQUE KEY `uc_users_organizations` (`user_id`,`organization_id`), ADD KEY `fk_users_organizations_organizations1_idx` (`organization_id`), ADD KEY `fk_users_organizations_users1_idx` (`user_id`);

--
-- AUTO_INCREMENT for dumped tables
--

--
-- AUTO_INCREMENT for table `emails_attachments`
--
ALTER TABLE `emails_attachments`
MODIFY `attachment_id` int(11) NOT NULL AUTO_INCREMENT,AUTO_INCREMENT=16;
--
-- AUTO_INCREMENT for table `groups`
--
ALTER TABLE `groups`
MODIFY `id` mediumint(8) unsigned NOT NULL AUTO_INCREMENT,AUTO_INCREMENT=3;
--
-- AUTO_INCREMENT for table `leads`
--
ALTER TABLE `leads`
MODIFY `lead_id` int(11) NOT NULL AUTO_INCREMENT,AUTO_INCREMENT=17;
--
-- AUTO_INCREMENT for table `leads_activities`
--
ALTER TABLE `leads_activities`
MODIFY `activity_id` int(11) NOT NULL AUTO_INCREMENT,AUTO_INCREMENT=6;
--
-- AUTO_INCREMENT for table `leads_calls`
--
ALTER TABLE `leads_calls`
MODIFY `call_id` int(11) NOT NULL AUTO_INCREMENT,AUTO_INCREMENT=3;
--
-- AUTO_INCREMENT for table `leads_contacts`
--
ALTER TABLE `leads_contacts`
MODIFY `id` int(11) NOT NULL AUTO_INCREMENT,AUTO_INCREMENT=22;
--
-- AUTO_INCREMENT for table `leads_emails`
--
ALTER TABLE `leads_emails`
MODIFY `email_id` int(11) NOT NULL AUTO_INCREMENT,AUTO_INCREMENT=3;
--
-- AUTO_INCREMENT for table `leads_notes`
--
ALTER TABLE `leads_notes`
MODIFY `note_id` int(11) NOT NULL AUTO_INCREMENT,AUTO_INCREMENT=6;
--
-- AUTO_INCREMENT for table `leads_opportunities`
--
ALTER TABLE `leads_opportunities`
MODIFY `opportunity_id` int(11) NOT NULL AUTO_INCREMENT,AUTO_INCREMENT=6;
--
-- AUTO_INCREMENT for table `leads_tasks`
--
ALTER TABLE `leads_tasks`
MODIFY `task_id` int(11) NOT NULL AUTO_INCREMENT,AUTO_INCREMENT=12;
--
-- AUTO_INCREMENT for table `login_attempts`
--
ALTER TABLE `login_attempts`
MODIFY `id` int(11) unsigned NOT NULL AUTO_INCREMENT;
--
-- AUTO_INCREMENT for table `organizations`
--
ALTER TABLE `organizations`
MODIFY `organization_id` int(11) NOT NULL AUTO_INCREMENT,AUTO_INCREMENT=8;
--
-- AUTO_INCREMENT for table `status`
--
ALTER TABLE `status`
MODIFY `status_id` int(11) NOT NULL AUTO_INCREMENT,AUTO_INCREMENT=22;
--
-- AUTO_INCREMENT for table `users`
--
ALTER TABLE `users`
MODIFY `id` int(11) unsigned NOT NULL AUTO_INCREMENT,AUTO_INCREMENT=5;
--
-- AUTO_INCREMENT for table `users_groups`
--
ALTER TABLE `users_groups`
MODIFY `id` int(11) unsigned NOT NULL AUTO_INCREMENT,AUTO_INCREMENT=9;
--
-- AUTO_INCREMENT for table `users_organizations`
--
ALTER TABLE `users_organizations`
MODIFY `id` int(11) unsigned NOT NULL AUTO_INCREMENT,AUTO_INCREMENT=8;
--
-- Constraints for dumped tables
--

--
-- Constraints for table `users_groups`
--
ALTER TABLE `users_groups`
ADD CONSTRAINT `fk_users_groups_groups1` FOREIGN KEY (`group_id`) REFERENCES `groups` (`id`) ON DELETE CASCADE ON UPDATE NO ACTION,
ADD CONSTRAINT `fk_users_groups_users1` FOREIGN KEY (`user_id`) REFERENCES `users` (`id`) ON DELETE CASCADE ON UPDATE NO ACTION;

--
-- Constraints for table `users_organizations`
--
ALTER TABLE `users_organizations`
ADD CONSTRAINT `users_organizations_ibfk_1` FOREIGN KEY (`organization_id`) REFERENCES `organizations` (`organization_id`) ON DELETE CASCADE ON UPDATE NO ACTION,
ADD CONSTRAINT `users_organizations_ibfk_2` FOREIGN KEY (`user_id`) REFERENCES `users` (`id`) ON DELETE CASCADE ON UPDATE NO ACTION;

/*!40101 SET CHARACTER_SET_CLIENT=@OLD_CHARACTER_SET_CLIENT */;
/*!40101 SET CHARACTER_SET_RESULTS=@OLD_CHARACTER_SET_RESULTS */;
/*!40101 SET COLLATION_CONNECTION=@OLD_COLLATION_CONNECTION */;
